,file_num,timestamp,TID,len_capture,n_bx_capture,ob_err_total,n_l1a_capture,ob_err_sram_00,ob_err_sram_01,ob_err_sram_02,ob_err_sram_03,ob_err_sram_04,ob_err_sram_05,ob_err_sram_06,ob_err_sram_07,ob_err_sram_08,ob_err_sram_09,ob_err_sram_10,ob_err_sram_11,duringTID,ob_rate_sram_00,ob_rate_sram_01,ob_rate_sram_02,ob_rate_sram_03,ob_rate_sram_04,ob_rate_sram_05,ob_rate_sram_06,ob_rate_sram_07,ob_rate_sram_08,ob_rate_sram_09,ob_rate_sram_10,ob_rate_sram_11
0,0,2024-07-18 14:19:52.391003,-60.587111111111106,0,1200000000.0,0,22558922.55892256,0,0,0,0,0,0,0,0,0,0,0,0,False,0.0,0.0,0.0,0.0,0.0,0.0,0.0,0.0,0.0,0.0,0.0,0.0
1,2,2024-07-18 14:53:47.367622,-55.386555555555546,0,1200000000.0,0,22558922.55892256,0,0,0,0,0,0,0,0,0,0,0,0,False,0.0,0.0,0.0,0.0,0.0,0.0,0.0,0.0,0.0,0.0,0.0,0.0
2,3,2024-07-18 15:05:45.362467,-53.55166666666667,0,1200000000.0,0,22558922.55892256,0,0,0,0,0,0,0,0,0,0,0,0,False,0.0,0.0,0.0,0.0,0.0,0.0,0.0,0.0,0.0,0.0,0.0,0.0
3,4,2024-07-18 15:18:13.362686,-51.6401111111111,0,1200000000.0,0,22558922.55892256,0,0,0,0,0,0,0,0,0,0,0,0,False,0.0,0.0,0.0,0.0,0.0,0.0,0.0,0.0,0.0,0.0,0.0,0.0
4,5,2024-07-18 15:30:16.366137,-49.792444444444435,0,1200000000.0,0,22558922.55892256,0,0,0,0,0,0,0,0,0,0,0,0,False,0.0,0.0,0.0,0.0,0.0,0.0,0.0,0.0,0.0,0.0,0.0,0.0
5,7,2024-07-18 15:55:01.363296,-45.99744444444444,0,1200000000.0,0,22558922.55892256,0,0,0,0,0,0,0,0,0,0,0,0,False,0.0,0.0,0.0,0.0,0.0,0.0,0.0,0.0,0.0,0.0,0.0,0.0
6,9,2024-07-18 16:19:49.375194,-42.19477777777777,24,2600428095.0,0,48885713.3459596,0,0,0,0,0,0,0,0,0,0,0,0,False,0.0,0.0,0.0,0.0,0.0,0.0,0.0,0.0,0.0,0.0,0.0,0.0
7,10,2024-07-18 16:32:12.366602,-40.296,0,1200000000.0,0,22558922.55892256,0,0,0,0,0,0,0,0,0,0,0,0,False,0.0,0.0,0.0,0.0,0.0,0.0,0.0,0.0,0.0,0.0,0.0,0.0
8,11,2024-07-18 16:44:31.366429,-38.40744444444444,0,1200000000.0,0,22558922.55892256,0,0,0,0,0,0,0,0,0,0,0,0,False,0.0,0.0,0.0,0.0,0.0,0.0,0.0,0.0,0.0,0.0,0.0,0.0
9,12,2024-07-18 17:57:32.378753,-27.211555555555552,0,1200000000.0,0,22558922.55892256,0,0,0,0,0,0,0,0,0,0,0,0,False,0.0,0.0,0.0,0.0,0.0,0.0,0.0,0.0,0.0,0.0,0.0,0.0
10,13,2024-07-18 18:10:00.407371,-25.299999999999997,0,1200000000.0,0,22558922.55892256,0,0,0,0,0,0,0,0,0,0,0,0,False,0.0,0.0,0.0,0.0,0.0,0.0,0.0,0.0,0.0,0.0,0.0,0.0
11,14,2024-07-18 18:22:28.364557,-23.388444444444442,0,1200000000.0,0,22558922.55892256,0,0,0,0,0,0,0,0,0,0,0,0,False,0.0,0.0,0.0,0.0,0.0,0.0,0.0,0.0,0.0,0.0,0.0,0.0
12,15,2024-07-18 18:34:51.364649,-21.489666666666665,0,1200000000.0,0,22558922.55892256,0,0,0,0,0,0,0,0,0,0,0,0,False,0.0,0.0,0.0,0.0,0.0,0.0,0.0,0.0,0.0,0.0,0.0,0.0
13,16,2024-07-18 18:47:19.363834,-19.57811111111111,32,2600113993.0,0,48879808.510381594,0,0,0,0,0,0,0,0,0,0,0,0,False,0.0,0.0,0.0,0.0,0.0,0.0,0.0,0.0,0.0,0.0,0.0,0.0
14,17,2024-07-18 18:59:46.367554,-17.66911111111111,4095,86858282.0,45,1632857.7143658812,0,0,0,0,0,0,0,0,45,0,0,0,False,0.0,0.0,0.0,0.0,0.0,0.0,0.0,0.0,2.7559045472296838e-05,0.0,0.0,0.0
15,18,2024-07-18 19:12:15.361725,-15.754999999999997,0,1200000000.0,0,22558922.55892256,0,0,0,0,0,0,0,0,0,0,0,0,False,0.0,0.0,0.0,0.0,0.0,0.0,0.0,0.0,0.0,0.0,0.0,0.0
16,19,2024-07-18 19:24:39.366748,-13.853666666666665,4095,411267818.0,41,7731465.714365881,0,0,0,0,0,0,0,0,41,0,0,0,False,0.0,0.0,0.0,0.0,0.0,0.0,0.0,0.0,5.303004826603275e-06,0.0,0.0,0.0
17,20,2024-07-18 19:37:08.374261,-11.939555555555554,0,1200000000.0,0,22558922.55892256,0,0,0,0,0,0,0,0,0,0,0,0,False,0.0,0.0,0.0,0.0,0.0,0.0,0.0,0.0,0.0,0.0,0.0,0.0
18,21,2024-07-18 19:49:32.362197,-10.038222222222222,0,1200000000.0,0,22558922.55892256,0,0,0,0,0,0,0,0,0,0,0,0,False,0.0,0.0,0.0,0.0,0.0,0.0,0.0,0.0,0.0,0.0,0.0,0.0
19,22,2024-07-18 20:01:59.360889,-8.129222222222221,0,1200000000.0,0,22558922.55892256,0,0,0,0,0,0,0,0,0,0,0,0,False,0.0,0.0,0.0,0.0,0.0,0.0,0.0,0.0,0.0,0.0,0.0,0.0
20,23,2024-07-18 20:14:27.365383,-6.217666666666665,0,1200000000.0,0,22558922.55892256,0,0,0,0,0,0,0,0,0,0,0,0,False,0.0,0.0,0.0,0.0,0.0,0.0,0.0,0.0,0.0,0.0,0.0,0.0
21,24,2024-07-18 20:57:50.389260,0.4344444444444444,0,1200000000.0,0,22558922.55892256,0,0,0,0,0,0,0,0,0,0,0,0,True,0.0,0.0,0.0,0.0,0.0,0.0,0.0,0.0,0.0,0.0,0.0,0.0
22,25,2024-07-18 21:10:16.397981,2.3408888888888884,0,1200000000.0,0,22558922.55892256,0,0,0,0,0,0,0,0,0,0,0,0,True,0.0,0.0,0.0,0.0,0.0,0.0,0.0,0.0,0.0,0.0,0.0,0.0
23,26,2024-07-18 21:22:48.378650,4.262666666666666,0,1200000000.0,0,22558922.55892256,0,0,0,0,0,0,0,0,0,0,0,0,True,0.0,0.0,0.0,0.0,0.0,0.0,0.0,0.0,0.0,0.0,0.0,0.0
24,27,2024-07-18 21:35:12.379448,6.164,8,2599904187.0,0,48875864.3459596,0,0,0,0,0,0,0,0,0,0,0,0,True,0.0,0.0,0.0,0.0,0.0,0.0,0.0,0.0,0.0,0.0,0.0,0.0
25,28,2024-07-18 21:47:40.375814,8.075555555555555,120,2599948294.0,0,48876693.51795735,0,0,0,0,0,0,0,0,0,0,0,0,True,0.0,0.0,0.0,0.0,0.0,0.0,0.0,0.0,0.0,0.0,0.0,0.0
26,29,2024-07-18 22:00:13.414457,9.999888888888888,64,2601205005.0,0,48900318.55639731,0,0,0,0,0,0,0,0,0,0,0,0,True,0.0,0.0,0.0,0.0,0.0,0.0,0.0,0.0,0.0,0.0,0.0,0.0
27,30,2024-07-18 22:12:49.368319,11.931888888888889,4095,627949826.0,5,11804892.91301908,0,0,0,0,0,1,2,0,0,1,1,0,True,0.0,0.0,0.0,0.0,0.0,8.471063713734712e-08,1.6942127427469425e-07,0.0,0.0,8.471063713734712e-08,8.471063713734712e-08,0.0
28,31,2024-07-18 22:25:45.364734,13.915,48,2600147146.0,0,48880431.75701459,0,0,0,0,0,0,0,0,0,0,0,0,True,0.0,0.0,0.0,0.0,0.0,0.0,0.0,0.0,0.0,0.0,0.0,0.0
29,32,2024-07-18 22:38:14.364938,15.82911111111111,0,1200000000.0,0,22558922.55892256,0,0,0,0,0,0,0,0,0,0,0,0,True,0.0,0.0,0.0,0.0,0.0,0.0,0.0,0.0,0.0,0.0,0.0,0.0
30,33,2024-07-18 22:50:43.364964,17.74322222222222,16,2599919185.0,0,48876146.29489338,0,0,0,0,0,0,0,0,0,0,0,0,True,0.0,0.0,0.0,0.0,0.0,0.0,0.0,0.0,0.0,0.0,0.0,0.0
31,34,2024-07-18 23:03:10.364483,19.65222222222222,288,2600068254.0,4,48878948.65824916,0,0,0,0,0,0,0,0,4,0,0,0,True,0.0,0.0,0.0,0.0,0.0,0.0,0.0,0.0,8.18348207112047e-08,0.0,0.0,0.0
32,35,2024-07-18 23:15:48.364322,21.589333333333332,384,2600197859.0,4,48881385.11588103,0,0,0,0,0,0,0,0,4,0,0,0,True,0.0,0.0,0.0,0.0,0.0,0.0,0.0,0.0,8.18307417131771e-08,0.0,0.0,0.0
33,37,2024-07-18 23:40:51.363927,25.43033333333333,40,2599557515.0,0,48869347.22362514,0,0,0,0,0,0,0,0,0,0,0,0,True,0.0,0.0,0.0,0.0,0.0,0.0,0.0,0.0,0.0,0.0,0.0,0.0
34,38,2024-07-18 23:53:31.365197,27.372555555555554,456,2600086704.0,7,48879295.5016835,0,0,0,0,0,0,0,0,7,0,0,0,True,0.0,0.0,0.0,0.0,0.0,0.0,0.0,0.0,1.4320992003166055e-07,0.0,0.0,0.0
35,39,2024-07-19 00:06:12.362161,29.31733333333333,0,1200000000.0,0,22558922.55892256,0,0,0,0,0,0,0,0,0,0,0,0,True,0.0,0.0,0.0,0.0,0.0,0.0,0.0,0.0,0.0,0.0,0.0,0.0
36,40,2024-07-19 00:18:34.364685,31.213555555555555,0,1200000000.0,0,22558922.55892256,0,0,0,0,0,0,0,0,0,0,0,0,True,0.0,0.0,0.0,0.0,0.0,0.0,0.0,0.0,0.0,0.0,0.0,0.0
37,41,2024-07-19 00:31:06.364292,33.13533333333333,576,2600041910.0,4,48878453.41470259,0,0,0,0,0,0,0,0,4,0,0,0,True,0.0,0.0,0.0,0.0,0.0,0.0,0.0,0.0,8.183564987342263e-08,0.0,0.0,0.0
38,42,2024-07-19 00:43:27.365767,35.028999999999996,0,1200000000.0,0,22558922.55892256,0,0,0,0,0,0,0,0,0,0,0,0,True,0.0,0.0,0.0,0.0,0.0,0.0,0.0,0.0,0.0,0.0,0.0,0.0
39,43,2024-07-19 00:55:42.362171,36.907333333333334,0,1200000000.0,0,22558922.55892256,0,0,0,0,0,0,0,0,0,0,0,0,True,0.0,0.0,0.0,0.0,0.0,0.0,0.0,0.0,0.0,0.0,0.0,0.0
40,44,2024-07-19 01:08:23.363530,38.85211111111111,0,1200000000.0,0,22558922.55892256,0,0,0,0,0,0,0,0,0,0,0,0,True,0.0,0.0,0.0,0.0,0.0,0.0,0.0,0.0,0.0,0.0,0.0,0.0
41,45,2024-07-19 01:20:49.373995,40.75855555555555,0,1200000000.0,0,22558922.55892256,0,0,0,0,0,0,0,0,0,0,0,0,True,0.0,0.0,0.0,0.0,0.0,0.0,0.0,0.0,0.0,0.0,0.0,0.0
42,46,2024-07-19 01:33:29.367352,42.70077777777777,0,1200000000.0,0,22558922.55892256,0,0,0,0,0,0,0,0,0,0,0,0,True,0.0,0.0,0.0,0.0,0.0,0.0,0.0,0.0,0.0,0.0,0.0,0.0
43,47,2024-07-19 01:45:44.361853,44.579111111111104,0,1200000000.0,0,22558922.55892256,0,0,0,0,0,0,0,0,0,0,0,0,True,0.0,0.0,0.0,0.0,0.0,0.0,0.0,0.0,0.0,0.0,0.0,0.0
44,48,2024-07-19 01:58:01.359146,46.462555555555554,0,1200000000.0,0,22558922.55892256,0,0,0,0,0,0,0,0,0,0,0,0,True,0.0,0.0,0.0,0.0,0.0,0.0,0.0,0.0,0.0,0.0,0.0,0.0
45,49,2024-07-19 02:10:35.364449,48.389444444444436,0,1200000000.0,0,22558922.55892256,0,0,0,0,0,0,0,0,0,0,0,0,True,0.0,0.0,0.0,0.0,0.0,0.0,0.0,0.0,0.0,0.0,0.0,0.0
46,50,2024-07-19 02:23:07.365278,50.31122222222222,0,1200000000.0,0,22558922.55892256,0,0,0,0,0,0,0,0,0,0,0,0,True,0.0,0.0,0.0,0.0,0.0,0.0,0.0,0.0,0.0,0.0,0.0,0.0
47,51,2024-07-19 02:35:28.373521,52.20488888888888,0,1200000000.0,0,22558922.55892256,0,0,0,0,0,0,0,0,0,0,0,0,True,0.0,0.0,0.0,0.0,0.0,0.0,0.0,0.0,0.0,0.0,0.0,0.0
48,52,2024-07-19 02:47:58.367402,54.12155555555555,0,1200000000.0,0,22558922.55892256,0,0,0,0,0,0,0,0,0,0,0,0,True,0.0,0.0,0.0,0.0,0.0,0.0,0.0,0.0,0.0,0.0,0.0,0.0
49,53,2024-07-19 03:00:32.362672,56.04844444444444,0,1200000000.0,0,22558922.55892256,0,0,0,0,0,0,0,0,0,0,0,0,True,0.0,0.0,0.0,0.0,0.0,0.0,0.0,0.0,0.0,0.0,0.0,0.0
50,54,2024-07-19 03:13:01.364893,57.96255555555555,0,1200000000.0,0,22558922.55892256,0,0,0,0,0,0,0,0,0,0,0,0,True,0.0,0.0,0.0,0.0,0.0,0.0,0.0,0.0,0.0,0.0,0.0,0.0
51,55,2024-07-19 03:25:26.358514,59.86644444444444,0,1200000000.0,0,22558922.55892256,0,0,0,0,0,0,0,0,0,0,0,0,True,0.0,0.0,0.0,0.0,0.0,0.0,0.0,0.0,0.0,0.0,0.0,0.0
52,56,2024-07-19 03:37:58.364212,61.78822222222222,0,1200000000.0,0,22558922.55892256,0,0,0,0,0,0,0,0,0,0,0,0,True,0.0,0.0,0.0,0.0,0.0,0.0,0.0,0.0,0.0,0.0,0.0,0.0
53,57,2024-07-19 03:50:38.374391,63.730444444444444,0,1200000000.0,0,22558922.55892256,0,0,0,0,0,0,0,0,0,0,0,0,True,0.0,0.0,0.0,0.0,0.0,0.0,0.0,0.0,0.0,0.0,0.0,0.0
54,58,2024-07-19 04:03:03.364512,65.63433333333333,0,1200000000.0,0,22558922.55892256,0,0,0,0,0,0,0,0,0,0,0,0,True,0.0,0.0,0.0,0.0,0.0,0.0,0.0,0.0,0.0,0.0,0.0,0.0
55,59,2024-07-19 04:15:35.361898,67.55611111111111,0,1200000000.0,0,22558922.55892256,0,0,0,0,0,0,0,0,0,0,0,0,True,0.0,0.0,0.0,0.0,0.0,0.0,0.0,0.0,0.0,0.0,0.0,0.0
56,60,2024-07-19 04:28:14.367314,69.49577777777777,0,1200000000.0,0,22558922.55892256,0,0,0,0,0,0,0,0,0,0,0,0,True,0.0,0.0,0.0,0.0,0.0,0.0,0.0,0.0,0.0,0.0,0.0,0.0
57,61,2024-07-19 04:40:52.368131,71.43288888888888,0,1200000000.0,0,22558922.55892256,0,0,0,0,0,0,0,0,0,0,0,0,True,0.0,0.0,0.0,0.0,0.0,0.0,0.0,0.0,0.0,0.0,0.0,0.0
58,62,2024-07-19 04:53:32.364510,73.37511111111111,0,1200000000.0,0,22558922.55892256,0,0,0,0,0,0,0,0,0,0,0,0,True,0.0,0.0,0.0,0.0,0.0,0.0,0.0,0.0,0.0,0.0,0.0,0.0
59,63,2024-07-19 05:06:08.367256,75.30711111111111,0,1200000000.0,0,22558922.55892256,0,0,0,0,0,0,0,0,0,0,0,0,True,0.0,0.0,0.0,0.0,0.0,0.0,0.0,0.0,0.0,0.0,0.0,0.0
60,64,2024-07-19 05:18:21.402004,77.18033333333332,0,1200000000.0,0,22558922.55892256,0,0,0,0,0,0,0,0,0,0,0,0,True,0.0,0.0,0.0,0.0,0.0,0.0,0.0,0.0,0.0,0.0,0.0,0.0
61,65,2024-07-19 05:29:53.402001,78.94877777777776,0,1200000000.0,0,22558922.55892256,0,0,0,0,0,0,0,0,0,0,0,0,True,0.0,0.0,0.0,0.0,0.0,0.0,0.0,0.0,0.0,0.0,0.0,0.0
62,66,2024-07-19 05:41:26.394005,80.71977777777778,0,1200000000.0,0,22558922.55892256,0,0,0,0,0,0,0,0,0,0,0,0,True,0.0,0.0,0.0,0.0,0.0,0.0,0.0,0.0,0.0,0.0,0.0,0.0
63,67,2024-07-19 05:52:58.426010,82.48822222222222,0,1200000000.0,0,22558922.55892256,0,0,0,0,0,0,0,0,0,0,0,0,True,0.0,0.0,0.0,0.0,0.0,0.0,0.0,0.0,0.0,0.0,0.0,0.0
64,68,2024-07-19 06:04:32.410009,84.26177777777777,0,1200000000.0,0,22558922.55892256,0,0,0,0,0,0,0,0,0,0,0,0,True,0.0,0.0,0.0,0.0,0.0,0.0,0.0,0.0,0.0,0.0,0.0,0.0
65,69,2024-07-19 06:16:11.417991,86.0481111111111,0,1200000000.0,0,22558922.55892256,0,0,0,0,0,0,0,0,0,0,0,0,True,0.0,0.0,0.0,0.0,0.0,0.0,0.0,0.0,0.0,0.0,0.0,0.0
66,70,2024-07-19 06:27:46.394167,87.82422222222222,0,1200000000.0,0,22558922.55892256,0,0,0,0,0,0,0,0,0,0,0,0,True,0.0,0.0,0.0,0.0,0.0,0.0,0.0,0.0,0.0,0.0,0.0,0.0
67,71,2024-07-19 06:39:21.402010,89.60033333333332,0,1200000000.0,0,22558922.55892256,0,0,0,0,0,0,0,0,0,0,0,0,True,0.0,0.0,0.0,0.0,0.0,0.0,0.0,0.0,0.0,0.0,0.0,0.0
68,72,2024-07-19 07:37:12.273785,98.47066666666666,0,1200000000.0,0,22558922.55892256,0,0,0,0,0,0,0,0,0,0,0,0,True,0.0,0.0,0.0,0.0,0.0,0.0,0.0,0.0,0.0,0.0,0.0,0.0
69,73,2024-07-19 07:49:52.271825,100.41288888888889,0,1200000000.0,0,22558922.55892256,0,0,0,0,0,0,0,0,0,0,0,0,True,0.0,0.0,0.0,0.0,0.0,0.0,0.0,0.0,0.0,0.0,0.0,0.0
70,74,2024-07-19 08:02:25.271845,102.33722222222222,0,1200000000.0,0,22558922.55892256,0,0,0,0,0,0,0,0,0,0,0,0,True,0.0,0.0,0.0,0.0,0.0,0.0,0.0,0.0,0.0,0.0,0.0,0.0
71,76,2024-07-19 08:28:56.367171,106.4031111111111,0,1200000000.0,0,22558922.55892256,0,0,0,0,0,0,0,0,0,0,0,0,True,0.0,0.0,0.0,0.0,0.0,0.0,0.0,0.0,0.0,0.0,0.0,0.0
72,77,2024-07-19 08:41:28.363734,108.32488888888888,0,1200000000.0,0,22558922.55892256,0,0,0,0,0,0,0,0,0,0,0,0,True,0.0,0.0,0.0,0.0,0.0,0.0,0.0,0.0,0.0,0.0,0.0,0.0
73,78,2024-07-19 08:54:03.365897,110.25433333333332,0,1200000000.0,0,22558922.55892256,0,0,0,0,0,0,0,0,0,0,0,0,True,0.0,0.0,0.0,0.0,0.0,0.0,0.0,0.0,0.0,0.0,0.0,0.0
74,79,2024-07-19 09:06:37.364168,112.1812222222222,0,1200000000.0,0,22558922.55892256,0,0,0,0,0,0,0,0,0,0,0,0,True,0.0,0.0,0.0,0.0,0.0,0.0,0.0,0.0,0.0,0.0,0.0,0.0
75,80,2024-07-19 09:19:10.366467,114.10555555555555,0,1200000000.0,0,22558922.55892256,0,0,0,0,0,0,0,0,0,0,0,0,True,0.0,0.0,0.0,0.0,0.0,0.0,0.0,0.0,0.0,0.0,0.0,0.0
76,81,2024-07-19 09:31:27.365614,115.98899999999999,0,1200000000.0,0,22558922.55892256,0,0,0,0,0,0,0,0,0,0,0,0,True,0.0,0.0,0.0,0.0,0.0,0.0,0.0,0.0,0.0,0.0,0.0,0.0
77,82,2024-07-19 09:43:56.360792,117.9031111111111,0,1200000000.0,0,22558922.55892256,0,0,0,0,0,0,0,0,0,0,0,0,True,0.0,0.0,0.0,0.0,0.0,0.0,0.0,0.0,0.0,0.0,0.0,0.0
78,83,2024-07-19 09:56:25.362013,119.8172222222222,0,1200000000.0,0,22558922.55892256,0,0,0,0,0,0,0,0,0,0,0,0,True,0.0,0.0,0.0,0.0,0.0,0.0,0.0,0.0,0.0,0.0,0.0,0.0
79,84,2024-07-19 10:09:00.375009,121.74666666666666,0,1200000000.0,0,22558922.55892256,0,0,0,0,0,0,0,0,0,0,0,0,True,0.0,0.0,0.0,0.0,0.0,0.0,0.0,0.0,0.0,0.0,0.0,0.0
80,85,2024-07-19 10:21:30.362189,123.66333333333333,0,1200000000.0,0,22558922.55892256,0,0,0,0,0,0,0,0,0,0,0,0,True,0.0,0.0,0.0,0.0,0.0,0.0,0.0,0.0,0.0,0.0,0.0,0.0
81,86,2024-07-19 10:34:01.364992,125.58255555555554,0,1200000000.0,0,22558922.55892256,0,0,0,0,0,0,0,0,0,0,0,0,True,0.0,0.0,0.0,0.0,0.0,0.0,0.0,0.0,0.0,0.0,0.0,0.0
82,87,2024-07-19 10:46:36.372025,127.51199999999999,0,1200000000.0,0,22558922.55892256,0,0,0,0,0,0,0,0,0,0,0,0,True,0.0,0.0,0.0,0.0,0.0,0.0,0.0,0.0,0.0,0.0,0.0,0.0
83,88,2024-07-19 10:59:12.364838,129.444,0,1200000000.0,0,22558922.55892256,0,0,0,0,0,0,0,0,0,0,0,0,True,0.0,0.0,0.0,0.0,0.0,0.0,0.0,0.0,0.0,0.0,0.0,0.0
84,89,2024-07-19 11:11:55.372424,131.39388888888888,0,1200000000.0,0,22558922.55892256,0,0,0,0,0,0,0,0,0,0,0,0,True,0.0,0.0,0.0,0.0,0.0,0.0,0.0,0.0,0.0,0.0,0.0,0.0
85,90,2024-07-19 11:24:32.365348,133.32844444444444,0,1200000000.0,0,22558922.55892256,0,0,0,0,0,0,0,0,0,0,0,0,True,0.0,0.0,0.0,0.0,0.0,0.0,0.0,0.0,0.0,0.0,0.0,0.0
86,91,2024-07-19 11:37:08.365384,135.26044444444443,0,1200000000.0,0,22558922.55892256,0,0,0,0,0,0,0,0,0,0,0,0,True,0.0,0.0,0.0,0.0,0.0,0.0,0.0,0.0,0.0,0.0,0.0,0.0
87,92,2024-07-19 11:49:34.362108,137.16688888888888,0,1200000000.0,0,22558922.55892256,0,0,0,0,0,0,0,0,0,0,0,0,True,0.0,0.0,0.0,0.0,0.0,0.0,0.0,0.0,0.0,0.0,0.0,0.0
88,94,2024-07-19 12:14:55.364087,141.05388888888888,0,1200000000.0,0,22558922.55892256,0,0,0,0,0,0,0,0,0,0,0,0,True,0.0,0.0,0.0,0.0,0.0,0.0,0.0,0.0,0.0,0.0,0.0,0.0
89,95,2024-07-19 12:27:34.365563,142.99355555555553,0,1200000000.0,0,22558922.55892256,0,0,0,0,0,0,0,0,0,0,0,0,True,0.0,0.0,0.0,0.0,0.0,0.0,0.0,0.0,0.0,0.0,0.0,0.0
90,96,2024-07-19 12:40:12.360173,144.93066666666667,0,1200000000.0,0,22558922.55892256,0,0,0,0,0,0,0,0,0,0,0,0,True,0.0,0.0,0.0,0.0,0.0,0.0,0.0,0.0,0.0,0.0,0.0,0.0
91,97,2024-07-19 12:52:46.367504,146.85755555555554,0,1200000000.0,0,22558922.55892256,0,0,0,0,0,0,0,0,0,0,0,0,True,0.0,0.0,0.0,0.0,0.0,0.0,0.0,0.0,0.0,0.0,0.0,0.0
92,98,2024-07-19 13:05:26.362952,148.79977777777776,0,1200000000.0,0,22558922.55892256,0,0,0,0,0,0,0,0,0,0,0,0,True,0.0,0.0,0.0,0.0,0.0,0.0,0.0,0.0,0.0,0.0,0.0,0.0
93,99,2024-07-19 13:18:06.365002,150.742,0,1200000000.0,0,22558922.55892256,0,0,0,0,0,0,0,0,0,0,0,0,True,0.0,0.0,0.0,0.0,0.0,0.0,0.0,0.0,0.0,0.0,0.0,0.0
94,100,2024-07-19 13:30:51.363612,152.697,0,1200000000.0,0,22558922.55892256,0,0,0,0,0,0,0,0,0,0,0,0,True,0.0,0.0,0.0,0.0,0.0,0.0,0.0,0.0,0.0,0.0,0.0,0.0
95,101,2024-07-19 13:43:30.376034,154.63666666666666,0,1200000000.0,0,22558922.55892256,0,0,0,0,0,0,0,0,0,0,0,0,True,0.0,0.0,0.0,0.0,0.0,0.0,0.0,0.0,0.0,0.0,0.0,0.0
96,102,2024-07-19 13:56:11.375099,156.58144444444443,0,1200000000.0,0,22558922.55892256,0,0,0,0,0,0,0,0,0,0,0,0,True,0.0,0.0,0.0,0.0,0.0,0.0,0.0,0.0,0.0,0.0,0.0,0.0
97,103,2024-07-19 14:08:58.362981,158.54155555555553,0,1200000000.0,0,22558922.55892256,0,0,0,0,0,0,0,0,0,0,0,0,True,0.0,0.0,0.0,0.0,0.0,0.0,0.0,0.0,0.0,0.0,0.0,0.0
98,104,2024-07-19 14:21:31.366516,160.46588888888888,0,1200000000.0,0,22558922.55892256,0,0,0,0,0,0,0,0,0,0,0,0,True,0.0,0.0,0.0,0.0,0.0,0.0,0.0,0.0,0.0,0.0,0.0,0.0
99,105,2024-07-19 14:34:19.363372,162.42855555555553,0,1200000000.0,0,22558922.55892256,0,0,0,0,0,0,0,0,0,0,0,0,True,0.0,0.0,0.0,0.0,0.0,0.0,0.0,0.0,0.0,0.0,0.0,0.0
100,106,2024-07-19 14:47:16.368689,164.4142222222222,0,1200000000.0,0,22558922.55892256,0,0,0,0,0,0,0,0,0,0,0,0,True,0.0,0.0,0.0,0.0,0.0,0.0,0.0,0.0,0.0,0.0,0.0,0.0
101,107,2024-07-19 14:59:53.366312,166.34877777777777,0,1200000000.0,0,22558922.55892256,0,0,0,0,0,0,0,0,0,0,0,0,True,0.0,0.0,0.0,0.0,0.0,0.0,0.0,0.0,0.0,0.0,0.0,0.0
102,108,2024-07-19 15:12:38.368650,168.30377777777778,0,1200000000.0,0,22558922.55892256,0,0,0,0,0,0,0,0,0,0,0,0,True,0.0,0.0,0.0,0.0,0.0,0.0,0.0,0.0,0.0,0.0,0.0,0.0
103,109,2024-07-19 15:25:22.365302,170.2562222222222,0,1200000000.0,0,22558922.55892256,0,0,0,0,0,0,0,0,0,0,0,0,True,0.0,0.0,0.0,0.0,0.0,0.0,0.0,0.0,0.0,0.0,0.0,0.0
104,110,2024-07-19 15:38:01.374911,172.19588888888887,0,1200000000.0,0,22558922.55892256,0,0,0,0,0,0,0,0,0,0,0,0,True,0.0,0.0,0.0,0.0,0.0,0.0,0.0,0.0,0.0,0.0,0.0,0.0
105,111,2024-07-19 17:46:27.381393,173.87999999999997,0,1200000000.0,0,22558922.55892256,0,0,0,0,0,0,0,0,0,0,0,0,True,0.0,0.0,0.0,0.0,0.0,0.0,0.0,0.0,0.0,0.0,0.0,0.0
106,112,2024-07-19 17:59:06.384850,173.87999999999997,0,1200000000.0,0,22558922.55892256,0,0,0,0,0,0,0,0,0,0,0,0,True,0.0,0.0,0.0,0.0,0.0,0.0,0.0,0.0,0.0,0.0,0.0,0.0
107,113,2024-07-19 18:11:42.389658,173.87999999999997,0,1200000000.0,0,22558922.55892256,0,0,0,0,0,0,0,0,0,0,0,0,True,0.0,0.0,0.0,0.0,0.0,0.0,0.0,0.0,0.0,0.0,0.0,0.0
108,114,2024-07-19 18:24:18.384791,174.38599999999997,0,1200000000.0,0,22558922.55892256,0,0,0,0,0,0,0,0,0,0,0,0,True,0.0,0.0,0.0,0.0,0.0,0.0,0.0,0.0,0.0,0.0,0.0,0.0
109,115,2024-07-19 18:36:48.361667,176.30266666666662,0,1200000000.0,0,22558922.55892256,0,0,0,0,0,0,0,0,0,0,0,0,True,0.0,0.0,0.0,0.0,0.0,0.0,0.0,0.0,0.0,0.0,0.0,0.0
110,116,2024-07-19 18:49:26.375452,178.23977777777773,0,1200000000.0,0,22558922.55892256,0,0,0,0,0,0,0,0,0,0,0,0,True,0.0,0.0,0.0,0.0,0.0,0.0,0.0,0.0,0.0,0.0,0.0,0.0
111,117,2024-07-19 19:02:06.363573,180.18199999999996,0,1200000000.0,0,22558922.55892256,0,0,0,0,0,0,0,0,0,0,0,0,True,0.0,0.0,0.0,0.0,0.0,0.0,0.0,0.0,0.0,0.0,0.0,0.0
112,118,2024-07-19 19:14:45.366071,182.12166666666664,0,1200000000.0,0,22558922.55892256,0,0,0,0,0,0,0,0,0,0,0,0,True,0.0,0.0,0.0,0.0,0.0,0.0,0.0,0.0,0.0,0.0,0.0,0.0
113,119,2024-07-19 19:27:27.361896,184.06899999999996,0,1200000000.0,0,22558922.55892256,0,0,0,0,0,0,0,0,0,0,0,0,True,0.0,0.0,0.0,0.0,0.0,0.0,0.0,0.0,0.0,0.0,0.0,0.0
114,120,2024-07-19 19:39:54.369328,185.97799999999995,0,1200000000.0,0,22558922.55892256,0,0,0,0,0,0,0,0,0,0,0,0,True,0.0,0.0,0.0,0.0,0.0,0.0,0.0,0.0,0.0,0.0,0.0,0.0
115,121,2024-07-19 19:52:38.366051,187.93044444444442,0,1200000000.0,0,22558922.55892256,0,0,0,0,0,0,0,0,0,0,0,0,True,0.0,0.0,0.0,0.0,0.0,0.0,0.0,0.0,0.0,0.0,0.0,0.0
116,122,2024-07-19 20:05:10.365436,189.8522222222222,0,1200000000.0,0,22558922.55892256,0,0,0,0,0,0,0,0,0,0,0,0,True,0.0,0.0,0.0,0.0,0.0,0.0,0.0,0.0,0.0,0.0,0.0,0.0
117,123,2024-07-19 20:17:38.365866,191.76377777777773,0,1200000000.0,0,22558922.55892256,0,0,0,0,0,0,0,0,0,0,0,0,True,0.0,0.0,0.0,0.0,0.0,0.0,0.0,0.0,0.0,0.0,0.0,0.0
118,124,2024-07-19 20:30:11.365528,193.68811111111108,0,1200000000.0,0,22558922.55892256,0,0,0,0,0,0,0,0,0,0,0,0,True,0.0,0.0,0.0,0.0,0.0,0.0,0.0,0.0,0.0,0.0,0.0,0.0
119,125,2024-07-19 20:42:46.364445,195.61755555555553,0,1200000000.0,0,22558922.55892256,0,0,0,0,0,0,0,0,0,0,0,0,True,0.0,0.0,0.0,0.0,0.0,0.0,0.0,0.0,0.0,0.0,0.0,0.0
120,126,2024-07-19 20:55:17.364124,197.53677777777773,0,1200000000.0,0,22558922.55892256,0,0,0,0,0,0,0,0,0,0,0,0,True,0.0,0.0,0.0,0.0,0.0,0.0,0.0,0.0,0.0,0.0,0.0,0.0
121,127,2024-07-19 21:07:41.364141,199.43811111111108,0,1200000000.0,0,22558922.55892256,0,0,0,0,0,0,0,0,0,0,0,0,True,0.0,0.0,0.0,0.0,0.0,0.0,0.0,0.0,0.0,0.0,0.0,0.0
122,129,2024-07-19 21:32:50.363478,203.29444444444442,0,1200000000.0,0,22558922.55892256,0,0,0,0,0,0,0,0,0,0,0,0,True,0.0,0.0,0.0,0.0,0.0,0.0,0.0,0.0,0.0,0.0,0.0,0.0
123,131,2024-07-19 21:58:13.362715,207.18655555555551,0,1200000000.0,0,22558922.55892256,0,0,0,0,0,0,0,0,0,0,0,0,True,0.0,0.0,0.0,0.0,0.0,0.0,0.0,0.0,0.0,0.0,0.0,0.0
124,132,2024-07-19 22:10:51.360126,209.12366666666662,0,1200000000.0,0,22558922.55892256,0,0,0,0,0,0,0,0,0,0,0,0,True,0.0,0.0,0.0,0.0,0.0,0.0,0.0,0.0,0.0,0.0,0.0,0.0
125,134,2024-07-19 22:36:02.365168,212.98511111111108,0,1200000000.0,0,22558922.55892256,0,0,0,0,0,0,0,0,0,0,0,0,True,0.0,0.0,0.0,0.0,0.0,0.0,0.0,0.0,0.0,0.0,0.0,0.0
126,135,2024-07-19 22:48:35.362735,214.9094444444444,0,1200000000.0,0,22558922.55892256,0,0,0,0,0,0,0,0,0,0,0,0,True,0.0,0.0,0.0,0.0,0.0,0.0,0.0,0.0,0.0,0.0,0.0,0.0
127,136,2024-07-19 23:01:08.364329,216.83377777777775,0,1200000000.0,0,22558922.55892256,0,0,0,0,0,0,0,0,0,0,0,0,True,0.0,0.0,0.0,0.0,0.0,0.0,0.0,0.0,0.0,0.0,0.0,0.0
128,137,2024-07-19 23:13:44.359012,218.76577777777774,0,1200000000.0,0,22558922.55892256,0,0,0,0,0,0,0,0,0,0,0,0,True,0.0,0.0,0.0,0.0,0.0,0.0,0.0,0.0,0.0,0.0,0.0,0.0
129,139,2024-07-19 23:38:48.365228,222.6093333333333,0,1200000000.0,0,22558922.55892256,0,0,0,0,0,0,0,0,0,0,0,0,True,0.0,0.0,0.0,0.0,0.0,0.0,0.0,0.0,0.0,0.0,0.0,0.0
130,140,2024-07-19 23:51:33.374744,224.5643333333333,0,1200000000.0,0,22558922.55892256,0,0,0,0,0,0,0,0,0,0,0,0,True,0.0,0.0,0.0,0.0,0.0,0.0,0.0,0.0,0.0,0.0,0.0,0.0
131,141,2024-07-20 00:04:03.366656,226.48099999999997,16,2599993039.0,0,48877534.683782265,0,0,0,0,0,0,0,0,0,0,0,0,True,0.0,0.0,0.0,0.0,0.0,0.0,0.0,0.0,0.0,0.0,0.0,0.0
132,142,2024-07-20 00:16:39.361358,228.41299999999995,24,2600028310.0,1,48878197.746913575,0,0,0,0,0,0,0,0,0,1,0,0,True,0.0,0.0,0.0,0.0,0.0,0.0,0.0,0.0,0.0,2.0459019483040272e-08,0.0,0.0
133,143,2024-07-20 00:29:18.363702,230.35266666666664,0,1200000000.0,0,22558922.55892256,0,0,0,0,0,0,0,0,0,0,0,0,True,0.0,0.0,0.0,0.0,0.0,0.0,0.0,0.0,0.0,0.0,0.0,0.0
134,145,2024-07-20 01:02:02.367612,235.37177777777774,0,1200000000.0,0,22558922.55892256,0,0,0,0,0,0,0,0,0,0,0,0,True,0.0,0.0,0.0,0.0,0.0,0.0,0.0,0.0,0.0,0.0,0.0,0.0
135,146,2024-07-20 01:14:20.366649,237.25777777777773,0,1200000000.0,0,22558922.55892256,0,0,0,0,0,0,0,0,0,0,0,0,True,0.0,0.0,0.0,0.0,0.0,0.0,0.0,0.0,0.0,0.0,0.0,0.0
136,148,2024-07-20 01:39:06.363707,241.0553333333333,16,2600067108.0,0,48878927.11447811,0,0,0,0,0,0,0,0,0,0,0,0,True,0.0,0.0,0.0,0.0,0.0,0.0,0.0,0.0,0.0,0.0,0.0,0.0
137,149,2024-07-20 01:51:48.364590,243.00266666666664,0,1200000000.0,0,22558922.55892256,0,0,0,0,0,0,0,0,0,0,0,0,True,0.0,0.0,0.0,0.0,0.0,0.0,0.0,0.0,0.0,0.0,0.0,0.0
138,150,2024-07-20 02:04:35.365744,244.96277777777772,0,1200000000.0,0,22558922.55892256,0,0,0,0,0,0,0,0,0,0,0,0,True,0.0,0.0,0.0,0.0,0.0,0.0,0.0,0.0,0.0,0.0,0.0,0.0
139,151,2024-07-20 02:17:13.364341,246.89988888888885,0,1200000000.0,0,22558922.55892256,0,0,0,0,0,0,0,0,0,0,0,0,True,0.0,0.0,0.0,0.0,0.0,0.0,0.0,0.0,0.0,0.0,0.0,0.0
140,152,2024-07-20 02:29:56.369109,248.84977777777775,0,1200000000.0,0,22558922.55892256,0,0,0,0,0,0,0,0,0,0,0,0,True,0.0,0.0,0.0,0.0,0.0,0.0,0.0,0.0,0.0,0.0,0.0,0.0
141,153,2024-07-20 02:42:31.366250,250.7792222222222,0,1200000000.0,0,22558922.55892256,0,0,0,0,0,0,0,0,0,0,0,0,True,0.0,0.0,0.0,0.0,0.0,0.0,0.0,0.0,0.0,0.0,0.0,0.0
142,154,2024-07-20 02:54:56.365031,252.6831111111111,0,1200000000.0,0,22558922.55892256,0,0,0,0,0,0,0,0,0,0,0,0,True,0.0,0.0,0.0,0.0,0.0,0.0,0.0,0.0,0.0,0.0,0.0,0.0
143,155,2024-07-20 03:07:16.365546,254.57422222222218,0,1200000000.0,0,22558922.55892256,0,0,0,0,0,0,0,0,0,0,0,0,True,0.0,0.0,0.0,0.0,0.0,0.0,0.0,0.0,0.0,0.0,0.0,0.0
144,156,2024-07-20 03:19:53.374450,256.5087777777777,0,1200000000.0,0,22558922.55892256,0,0,0,0,0,0,0,0,0,0,0,0,True,0.0,0.0,0.0,0.0,0.0,0.0,0.0,0.0,0.0,0.0,0.0,0.0
145,157,2024-07-20 03:32:31.363875,258.4458888888889,0,1200000000.0,0,22558922.55892256,0,0,0,0,0,0,0,0,0,0,0,0,True,0.0,0.0,0.0,0.0,0.0,0.0,0.0,0.0,0.0,0.0,0.0,0.0
146,158,2024-07-20 03:45:04.367436,260.3702222222222,0,1200000000.0,0,22558922.55892256,0,0,0,0,0,0,0,0,0,0,0,0,True,0.0,0.0,0.0,0.0,0.0,0.0,0.0,0.0,0.0,0.0,0.0,0.0
147,159,2024-07-20 03:57:41.367211,262.30477777777776,0,1200000000.0,0,22558922.55892256,0,0,0,0,0,0,0,0,0,0,0,0,True,0.0,0.0,0.0,0.0,0.0,0.0,0.0,0.0,0.0,0.0,0.0,0.0
148,160,2024-07-20 04:10:17.364004,264.2367777777777,0,1200000000.0,0,22558922.55892256,0,0,0,0,0,0,0,0,0,0,0,0,True,0.0,0.0,0.0,0.0,0.0,0.0,0.0,0.0,0.0,0.0,0.0,0.0
149,161,2024-07-20 04:22:40.372244,266.1355555555555,0,1200000000.0,0,22558922.55892256,0,0,0,0,0,0,0,0,0,0,0,0,True,0.0,0.0,0.0,0.0,0.0,0.0,0.0,0.0,0.0,0.0,0.0,0.0
150,162,2024-07-20 04:35:25.363457,268.0905555555555,0,1200000000.0,0,22558922.55892256,0,0,0,0,0,0,0,0,0,0,0,0,True,0.0,0.0,0.0,0.0,0.0,0.0,0.0,0.0,0.0,0.0,0.0,0.0
151,163,2024-07-20 04:48:00.366519,270.02,0,1200000000.0,0,22558922.55892256,0,0,0,0,0,0,0,0,0,0,0,0,True,0.0,0.0,0.0,0.0,0.0,0.0,0.0,0.0,0.0,0.0,0.0,0.0
152,164,2024-07-20 05:00:31.365479,271.93922222222216,0,1200000000.0,0,22558922.55892256,0,0,0,0,0,0,0,0,0,0,0,0,True,0.0,0.0,0.0,0.0,0.0,0.0,0.0,0.0,0.0,0.0,0.0,0.0
153,165,2024-07-20 05:13:07.368330,273.8712222222222,0,1200000000.0,0,22558922.55892256,0,0,0,0,0,0,0,0,0,0,0,0,True,0.0,0.0,0.0,0.0,0.0,0.0,0.0,0.0,0.0,0.0,0.0,0.0
154,167,2024-07-20 05:38:23.363633,277.7454444444444,0,1200000000.0,0,22558922.55892256,0,0,0,0,0,0,0,0,0,0,0,0,True,0.0,0.0,0.0,0.0,0.0,0.0,0.0,0.0,0.0,0.0,0.0,0.0
155,168,2024-07-20 05:50:54.364322,279.6646666666666,0,1200000000.0,0,22558922.55892256,0,0,0,0,0,0,0,0,0,0,0,0,True,0.0,0.0,0.0,0.0,0.0,0.0,0.0,0.0,0.0,0.0,0.0,0.0
156,169,2024-07-20 06:03:18.363407,281.566,0,1200000000.0,0,22558922.55892256,0,0,0,0,0,0,0,0,0,0,0,0,True,0.0,0.0,0.0,0.0,0.0,0.0,0.0,0.0,0.0,0.0,0.0,0.0
157,170,2024-07-20 06:15:56.363899,283.5031111111111,0,1200000000.0,0,22558922.55892256,0,0,0,0,0,0,0,0,0,0,0,0,True,0.0,0.0,0.0,0.0,0.0,0.0,0.0,0.0,0.0,0.0,0.0,0.0
158,171,2024-07-20 06:28:23.365445,285.4121111111111,0,1200000000.0,0,22558922.55892256,0,0,0,0,0,0,0,0,0,0,0,0,True,0.0,0.0,0.0,0.0,0.0,0.0,0.0,0.0,0.0,0.0,0.0,0.0
159,172,2024-07-20 06:40:59.364059,287.34411111111103,0,1200000000.0,0,22558922.55892256,0,0,0,0,0,0,0,0,0,0,0,0,True,0.0,0.0,0.0,0.0,0.0,0.0,0.0,0.0,0.0,0.0,0.0,0.0
160,173,2024-07-20 06:53:40.364106,289.28888888888883,0,1200000000.0,0,22558922.55892256,0,0,0,0,0,0,0,0,0,0,0,0,True,0.0,0.0,0.0,0.0,0.0,0.0,0.0,0.0,0.0,0.0,0.0,0.0
161,174,2024-07-20 07:06:22.364011,291.2362222222222,0,1200000000.0,0,22558922.55892256,0,0,0,0,0,0,0,0,0,0,0,0,True,0.0,0.0,0.0,0.0,0.0,0.0,0.0,0.0,0.0,0.0,0.0,0.0
162,175,2024-07-20 07:18:39.363303,293.1196666666666,0,1200000000.0,0,22558922.55892256,0,0,0,0,0,0,0,0,0,0,0,0,True,0.0,0.0,0.0,0.0,0.0,0.0,0.0,0.0,0.0,0.0,0.0,0.0
163,176,2024-07-20 07:31:23.363926,295.0721111111111,0,1200000000.0,0,22558922.55892256,0,0,0,0,0,0,0,0,0,0,0,0,True,0.0,0.0,0.0,0.0,0.0,0.0,0.0,0.0,0.0,0.0,0.0,0.0
164,177,2024-07-20 07:43:56.363117,296.99644444444436,0,1200000000.0,0,22558922.55892256,0,0,0,0,0,0,0,0,0,0,0,0,True,0.0,0.0,0.0,0.0,0.0,0.0,0.0,0.0,0.0,0.0,0.0,0.0
165,178,2024-07-20 07:56:28.365674,298.9182222222222,16,2600069710.0,0,48878976.02974186,0,0,0,0,0,0,0,0,0,0,0,0,True,0.0,0.0,0.0,0.0,0.0,0.0,0.0,0.0,0.0,0.0,0.0,0.0
166,179,2024-07-20 08:09:08.366196,300.8604444444444,8,2599995483.0,0,48877580.628787875,0,0,0,0,0,0,0,0,0,0,0,0,True,0.0,0.0,0.0,0.0,0.0,0.0,0.0,0.0,0.0,0.0,0.0,0.0
167,180,2024-07-20 08:21:27.365952,302.74899999999997,48,2600036446.0,0,48878350.69640853,0,0,0,0,0,0,0,0,0,0,0,0,True,0.0,0.0,0.0,0.0,0.0,0.0,0.0,0.0,0.0,0.0,0.0,0.0
168,181,2024-07-20 09:19:39.272443,311.67299999999994,16,2600052101.0,0,48878644.99635241,0,0,0,0,0,0,0,0,0,0,0,0,True,0.0,0.0,0.0,0.0,0.0,0.0,0.0,0.0,0.0,0.0,0.0,0.0
169,182,2024-07-20 09:32:05.270208,313.5794444444444,208,2599810894.0,8,48874110.52132436,0,0,0,1,0,0,0,0,1,0,3,1,True,0.0,0.0,0.0,2.0460730422166724e-08,0.0,0.0,0.0,0.0,2.0460730422166724e-08,0.0,6.138219126650017e-08,2.0460730422166724e-08
170,183,2024-07-20 10:31:29.365561,322.6874444444444,16,2600032902.0,2,48878284.07239057,0,0,0,0,1,0,0,0,0,0,0,0,True,0.0,0.0,0.0,0.0,2.0458983349721576e-08,0.0,0.0,0.0,0.0,0.0,0.0,0.0
171,184,2024-07-20 10:44:00.364294,324.6066666666666,32,2600035704.0,2,48878336.747474745,0,0,0,0,0,0,0,2,0,0,0,0,True,0.0,0.0,0.0,0.0,0.0,0.0,0.0,4.091792260307074e-08,0.0,0.0,0.0,0.0
172,185,2024-07-20 10:56:20.366047,326.49777777777774,0,1200000000.0,0,22558922.55892256,0,0,0,0,0,0,0,0,0,0,0,0,True,0.0,0.0,0.0,0.0,0.0,0.0,0.0,0.0,0.0,0.0,0.0,0.0
173,186,2024-07-20 11:08:57.364817,328.4323333333333,0,1200000000.0,0,22558922.55892256,0,0,0,0,0,0,0,0,0,0,0,0,True,0.0,0.0,0.0,0.0,0.0,0.0,0.0,0.0,0.0,0.0,0.0,0.0
174,187,2024-07-20 11:21:19.365146,330.3285555555555,80,2600036924.0,5,48878359.68237934,0,0,0,1,0,1,0,0,0,0,0,1,True,0.0,0.0,0.0,2.0458951701697554e-08,0.0,2.0458951701697554e-08,0.0,0.0,0.0,0.0,0.0,2.0458951701697554e-08
175,213,2024-07-20 13:41:31.365925,351.8258888888888,192,2599358838.0,14,48865612.27441077,0,0,0,0,0,0,0,3,2,1,5,0,True,0.0,0.0,0.0,0.0,0.0,0.0,0.0,6.139286627891075e-08,4.092857751927383e-08,2.0464288759636915e-08,1.0232144379818458e-07,0.0
176,214,2024-07-20 13:54:06.369689,353.7553333333333,80,2600151455.0,6,48880512.76234568,0,0,0,0,1,0,0,0,0,1,0,1,True,0.0,0.0,0.0,0.0,2.045805052950128e-08,0.0,0.0,0.0,0.0,2.045805052950128e-08,0.0,2.045805052950128e-08
177,216,2024-07-20 14:19:10.366973,357.59888888888884,40,2600024829.0,0,48878132.307239056,0,0,0,0,0,0,0,0,0,0,0,0,True,0.0,0.0,0.0,0.0,0.0,0.0,0.0,0.0,0.0,0.0,0.0,0.0
178,217,2024-07-20 14:31:41.367755,359.51811111111107,56,2600114172.0,6,48879811.875420876,0,0,0,0,0,1,0,0,1,0,1,0,True,0.0,0.0,0.0,0.0,0.0,2.0458343877195817e-08,0.0,0.0,2.0458343877195817e-08,0.0,2.0458343877195817e-08,0.0
179,218,2024-07-20 14:44:05.366780,361.41944444444437,0,1200000000.0,0,22558922.55892256,0,0,0,0,0,0,0,0,0,0,0,0,True,0.0,0.0,0.0,0.0,0.0,0.0,0.0,0.0,0.0,0.0,0.0,0.0
180,219,2024-07-20 14:56:43.368285,363.3565555555555,0,1200000000.0,0,22558922.55892256,0,0,0,0,0,0,0,0,0,0,0,0,True,0.0,0.0,0.0,0.0,0.0,0.0,0.0,0.0,0.0,0.0,0.0,0.0
181,220,2024-07-20 15:09:26.362082,365.3064444444444,24,2599910460.0,0,48875982.27272727,0,0,0,0,0,0,0,0,0,0,0,0,True,0.0,0.0,0.0,0.0,0.0,0.0,0.0,0.0,0.0,0.0,0.0,0.0
182,221,2024-07-20 15:22:00.362456,367.23333333333323,40,2599475366.0,2,48867802.89618406,0,0,0,1,0,0,0,0,0,0,0,0,True,0.0,0.0,0.0,2.04633713965906e-08,0.0,0.0,0.0,0.0,0.0,0.0,0.0,0.0
183,224,2024-07-20 15:59:30.365220,372.98333333333323,320,2600085471.0,24,48879272.32239057,0,0,2,0,2,6,0,0,0,1,1,3,True,0.0,0.0,4.0917139412565313e-08,0.0,4.0917139412565313e-08,1.2275141823769594e-07,0.0,0.0,0.0,2.0458569706282657e-08,2.0458569706282657e-08,6.137570911884797e-08
184,225,2024-07-20 16:11:53.363288,374.88211111111104,16,2600041352.0,1,48878442.924803585,0,0,0,0,0,0,0,0,1,0,0,0,True,0.0,0.0,0.0,0.0,0.0,0.0,0.0,0.0,2.04589168590832e-08,0.0,0.0,0.0
185,226,2024-07-20 16:24:27.364417,376.80899999999997,312,2599955799.0,15,48876834.60521885,0,0,0,0,0,2,3,0,0,0,5,2,True,0.0,0.0,0.0,0.0,0.0,4.0919180142374627e-08,6.137877021356194e-08,0.0,0.0,0.0,1.0229795035593656e-07,4.0919180142374627e-08
186,227,2024-07-20 16:36:59.364971,378.73077777777775,40,2599949125.0,2,48876709.14001122,0,0,0,0,0,0,0,1,0,0,0,0,True,0.0,0.0,0.0,0.0,0.0,0.0,0.0,2.045964259040887e-08,0.0,0.0,0.0,0.0
187,228,2024-07-20 16:49:26.374480,380.63977777777774,112,2600351840.0,3,48884279.82042649,0,0,0,0,0,0,0,1,0,0,0,2,True,0.0,0.0,0.0,0.0,0.0,0.0,0.0,2.0456474017280012e-08,0.0,0.0,0.0,4.0912948034560023e-08
188,229,2024-07-20 17:01:52.359052,382.5462222222222,0,1200000000.0,0,22558922.55892256,0,0,0,0,0,0,0,0,0,0,0,0,True,0.0,0.0,0.0,0.0,0.0,0.0,0.0,0.0,0.0,0.0,0.0,0.0
189,230,2024-07-20 17:14:22.359153,384.46288888888887,344,2599756420.0,19,48873086.45903479,0,0,0,0,4,0,0,1,1,3,1,2,True,0.0,0.0,0.0,0.0,8.184463658444782e-08,0.0,0.0,2.0461159146111954e-08,2.0461159146111954e-08,6.138347743833586e-08,2.0461159146111954e-08,4.092231829222391e-08
190,231,2024-07-20 17:26:46.374196,386.36422222222217,0,1200000000.0,0,22558922.55892256,0,0,0,0,0,0,0,0,0,0,0,0,True,0.0,0.0,0.0,0.0,0.0,0.0,0.0,0.0,0.0,0.0,0.0,0.0
191,232,2024-07-20 17:39:06.372880,388.2553333333333,0,1200000000.0,0,22558922.55892256,0,0,0,0,0,0,0,0,0,0,0,0,True,0.0,0.0,0.0,0.0,0.0,0.0,0.0,0.0,0.0,0.0,0.0,0.0
192,233,2024-07-20 17:51:49.363527,390.2052222222222,16,2599960028.0,1,48876914.10662177,0,0,0,0,0,0,0,0,0,0,0,1,True,0.0,0.0,0.0,0.0,0.0,0.0,0.0,0.0,0.0,0.0,0.0,2.045955679236553e-08
193,234,2024-07-20 18:04:17.360879,392.11677777777777,16,2599758334.0,0,48873122.44051628,0,0,0,0,0,0,0,0,0,0,0,0,True,0.0,0.0,0.0,0.0,0.0,0.0,0.0,0.0,0.0,0.0,0.0,0.0
194,235,2024-07-20 18:16:53.362550,394.04877777777773,200,2599752873.0,15,48873019.77861953,0,0,0,2,4,0,0,1,0,0,1,0,True,0.0,0.0,0.0,4.092237412501651e-08,8.184474825003302e-08,0.0,0.0,2.0461187062508256e-08,0.0,0.0,2.0461187062508256e-08,0.0
195,236,2024-07-20 18:29:35.363573,395.9961111111111,144,2600035734.0,15,48878337.311447814,0,0,1,2,0,0,1,0,0,0,1,1,True,0.0,0.0,2.0458961065473674e-08,4.091792213094735e-08,0.0,0.0,2.0458961065473674e-08,0.0,0.0,0.0,2.0458961065473674e-08,2.0458961065473674e-08
196,237,2024-07-20 18:42:22.363443,397.9562222222222,40,2599590992.0,0,48869976.56116723,0,0,0,0,0,0,0,0,0,0,0,0,True,0.0,0.0,0.0,0.0,0.0,0.0,0.0,0.0,0.0,0.0,0.0,0.0
197,238,2024-07-20 18:54:47.360295,399.86011111111105,0,1200000000.0,0,22558922.55892256,0,0,0,0,0,0,0,0,0,0,0,0,True,0.0,0.0,0.0,0.0,0.0,0.0,0.0,0.0,0.0,0.0,0.0,0.0
198,239,2024-07-20 19:07:20.372886,401.7844444444444,400,2600280463.0,27,48882937.996913575,0,0,0,0,0,2,2,0,5,0,4,3,True,0.0,0.0,0.0,0.0,0.0,4.0914071083990044e-08,4.0914071083990044e-08,0.0,1.0228517770997511e-07,0.0,8.182814216798009e-08,6.137110662598506e-08
199,240,2024-07-20 19:19:46.363242,403.6908888888888,40,2599987539.0,1,48877431.28872054,0,0,0,0,0,0,0,0,1,0,0,0,True,0.0,0.0,0.0,0.0,0.0,0.0,0.0,0.0,2.0459340305609928e-08,0.0,0.0,0.0
200,241,2024-07-20 19:32:13.363687,405.5998888888888,8,2599989468.0,0,48877467.55218855,0,0,0,0,0,0,0,0,0,0,0,0,True,0.0,0.0,0.0,0.0,0.0,0.0,0.0,0.0,0.0,0.0,0.0,0.0
201,242,2024-07-20 19:44:51.362216,407.5369999999999,0,1200000000.0,0,22558922.55892256,0,0,0,0,0,0,0,0,0,0,0,0,True,0.0,0.0,0.0,0.0,0.0,0.0,0.0,0.0,0.0,0.0,0.0,0.0
202,243,2024-07-20 19:57:20.364347,409.45111111111106,0,1200000000.0,0,22558922.55892256,0,0,0,0,0,0,0,0,0,0,0,0,True,0.0,0.0,0.0,0.0,0.0,0.0,0.0,0.0,0.0,0.0,0.0,0.0
203,244,2024-07-20 20:09:47.366861,411.36011111111105,0,1200000000.0,0,22558922.55892256,0,0,0,0,0,0,0,0,0,0,0,0,True,0.0,0.0,0.0,0.0,0.0,0.0,0.0,0.0,0.0,0.0,0.0,0.0
204,245,2024-07-20 20:22:20.363355,413.2844444444444,0,1200000000.0,0,22558922.55892256,0,0,0,0,0,0,0,0,0,0,0,0,True,0.0,0.0,0.0,0.0,0.0,0.0,0.0,0.0,0.0,0.0,0.0,0.0
205,246,2024-07-20 20:34:53.365658,415.20877777777775,0,1200000000.0,0,22558922.55892256,0,0,0,0,0,0,0,0,0,0,0,0,True,0.0,0.0,0.0,0.0,0.0,0.0,0.0,0.0,0.0,0.0,0.0,0.0
206,247,2024-07-20 20:47:30.364562,417.1433333333333,0,1200000000.0,0,22558922.55892256,0,0,0,0,0,0,0,0,0,0,0,0,True,0.0,0.0,0.0,0.0,0.0,0.0,0.0,0.0,0.0,0.0,0.0,0.0
207,248,2024-07-20 21:00:06.366214,419.0753333333333,0,1200000000.0,0,22558922.55892256,0,0,0,0,0,0,0,0,0,0,0,0,True,0.0,0.0,0.0,0.0,0.0,0.0,0.0,0.0,0.0,0.0,0.0,0.0
208,249,2024-07-20 21:28:17.367607,423.39677777777774,0,1200000000.0,0,22558922.55892256,0,0,0,0,0,0,0,0,0,0,0,0,True,0.0,0.0,0.0,0.0,0.0,0.0,0.0,0.0,0.0,0.0,0.0,0.0
209,250,2024-07-20 21:40:51.365696,425.3236666666666,0,1200000000.0,0,22558922.55892256,0,0,0,0,0,0,0,0,0,0,0,0,True,0.0,0.0,0.0,0.0,0.0,0.0,0.0,0.0,0.0,0.0,0.0,0.0
210,251,2024-07-20 21:53:35.364448,427.27611111111105,0,1200000000.0,0,22558922.55892256,0,0,0,0,0,0,0,0,0,0,0,0,True,0.0,0.0,0.0,0.0,0.0,0.0,0.0,0.0,0.0,0.0,0.0,0.0
211,252,2024-07-20 22:06:16.363441,429.22088888888885,48,2600034972.0,4,48878322.98653199,0,0,0,0,0,1,0,0,0,0,0,0,True,0.0,0.0,0.0,0.0,0.0,2.045896706144238e-08,0.0,0.0,0.0,0.0,0.0,0.0
212,253,2024-07-20 22:18:50.374707,431.1477777777777,0,1200000000.0,0,22558922.55892256,0,0,0,0,0,0,0,0,0,0,0,0,True,0.0,0.0,0.0,0.0,0.0,0.0,0.0,0.0,0.0,0.0,0.0,0.0
213,254,2024-07-20 22:31:32.372668,433.095111111111,136,2600482661.0,9,48886739.137766555,0,0,0,0,0,1,1,0,0,0,1,2,True,0.0,0.0,0.0,0.0,0.0,2.0455444925093568e-08,2.0455444925093568e-08,0.0,0.0,0.0,2.0455444925093568e-08,4.0910889850187135e-08
214,256,2024-07-20 22:56:56.361413,436.9897777777777,16,2599844305.0,0,48874738.6181257,0,0,0,0,0,0,0,0,0,0,0,0,True,0.0,0.0,0.0,0.0,0.0,0.0,0.0,0.0,0.0,0.0,0.0,0.0
215,258,2024-07-20 23:22:09.374863,440.8563333333333,24,2600468306.0,1,48886469.27665544,0,0,0,0,0,0,0,1,0,0,0,0,True,0.0,0.0,0.0,0.0,0.0,0.0,0.0,2.0455557842413586e-08,0.0,0.0,0.0,0.0
216,259,2024-07-20 23:34:47.364505,442.7934444444444,616,2599950384.0,60,48876732.80808081,0,0,0,9,0,5,3,0,5,0,5,6,True,0.0,0.0,0.0,1.8413669414728201e-07,0.0,1.0229816341515667e-07,6.1378898049094e-08,0.0,1.0229816341515667e-07,0.0,1.0229816341515667e-07,1.22757796098188e-07
217,260,2024-07-20 23:47:30.367158,444.7433333333332,0,1200000000.0,0,22558922.55892256,0,0,0,0,0,0,0,0,0,0,0,0,True,0.0,0.0,0.0,0.0,0.0,0.0,0.0,0.0,0.0,0.0,0.0,0.0
218,261,2024-07-20 23:59:54.366327,446.6446666666666,0,1200000000.0,0,22558922.55892256,0,0,0,0,0,0,0,0,0,0,0,0,True,0.0,0.0,0.0,0.0,0.0,0.0,0.0,0.0,0.0,0.0,0.0,0.0
219,262,2024-07-21 00:12:26.364863,448.5664444444444,864,2599555696.0,82,48869313.02805836,0,0,2,5,0,0,1,3,14,6,7,7,True,0.0,0.0,4.092547809812056e-08,1.023136952453014e-07,0.0,0.0,2.046273904906028e-08,6.138821714718084e-08,2.864783466868439e-07,1.2277643429436168e-07,1.4323917334342196e-07,1.4323917334342196e-07
220,263,2024-07-21 00:24:59.370218,450.4907777777777,456,2600201041.0,40,48881444.934624024,0,0,0,0,3,0,1,2,4,8,1,4,True,0.0,0.0,0.0,0.0,6.137298117951134e-08,0.0,2.0457660393170447e-08,4.0915320786340895e-08,8.183064157268179e-08,1.6366128314536358e-07,2.0457660393170447e-08,8.183064157268179e-08
221,264,2024-07-21 00:37:42.372874,452.44066666666663,2224,2599995460.0,241,48877580.19640853,5,0,0,0,17,17,13,29,0,18,0,21,True,1.0229638987666976e-07,0.0,0.0,0.0,3.478077255806772e-07,3.478077255806772e-07,2.659706136793414e-07,5.933190612846846e-07,0.0,3.6826700355601115e-07,0.0,4.29644837482013e-07
222,265,2024-07-21 00:50:31.365547,454.40588888888885,4095,449178062.0,384,8444144.26318743,0,13,0,0,0,18,22,41,39,31,45,0,True,0.0,1.5395284110284564e-06,0.0,0.0,0.0,2.1316547229624778e-06,2.605355772509695e-06,4.855435757858977e-06,4.6185852330853685e-06,3.6711831339909343e-06,5.329136807406194e-06,0.0
223,266,2024-07-21 01:03:15.364152,456.35833333333323,40,2599992076.0,3,48877516.58024691,0,0,0,3,0,0,0,0,0,0,0,0,True,0.0,0.0,0.0,6.137791381185687e-08,0.0,0.0,0.0,0.0,0.0,0.0,0.0,0.0
224,268,2024-07-21 01:28:21.363874,460.2069999999999,16,2599597702.0,1,48870102.70314254,0,0,0,0,0,0,0,0,0,1,0,0,True,0.0,0.0,0.0,0.0,0.0,0.0,0.0,0.0,0.0,2.0462408398738562e-08,0.0,0.0
225,269,2024-07-21 01:40:55.365139,462.1338888888888,8,2600080191.0,0,48879173.06313131,0,0,0,0,0,0,0,0,0,0,0,0,True,0.0,0.0,0.0,0.0,0.0,0.0,0.0,0.0,0.0,0.0,0.0,0.0
226,270,2024-07-21 01:53:22.360702,464.0428888888888,72,2599924846.0,8,48876252.71661055,0,0,0,0,0,0,0,0,0,1,1,0,True,0.0,0.0,0.0,0.0,0.0,0.0,0.0,0.0,0.0,2.0459833649647836e-08,2.0459833649647836e-08,0.0
227,271,2024-07-21 02:05:52.361428,465.95955555555554,56,2599833492.0,1,48874535.34343434,0,0,0,0,0,0,0,0,0,0,0,1,True,0.0,0.0,0.0,0.0,0.0,0.0,0.0,0.0,0.0,0.0,0.0,2.0460552575551737e-08
228,272,2024-07-21 02:18:32.368644,467.90177777777774,0,1200000000.0,0,22558922.55892256,0,0,0,0,0,0,0,0,0,0,0,0,True,0.0,0.0,0.0,0.0,0.0,0.0,0.0,0.0,0.0,0.0,0.0,0.0
229,274,2024-07-21 02:43:48.363780,471.77599999999995,320,2599989995.0,25,48877477.459315374,0,0,2,0,2,2,0,4,0,2,2,1,True,0.0,0.0,4.09186419586559e-08,0.0,4.09186419586559e-08,4.09186419586559e-08,0.0,8.18372839173118e-08,0.0,4.09186419586559e-08,4.09186419586559e-08,2.045932097932795e-08
230,275,2024-07-21 02:56:06.364790,473.6619999999999,4095,488733199.0,395,9187745.323512908,0,0,17,32,0,0,23,12,36,30,33,35,True,0.0,0.0,1.850290729815321e-06,3.4829001972994273e-06,0.0,0.0,2.5033345168089636e-06,1.3060875739872853e-06,3.918262721961856e-06,3.2652189349682132e-06,3.5917408284650348e-06,3.809422090796249e-06
231,278,2024-07-21 03:34:01.364338,479.4758888888888,624,2600005064.0,44,48877760.74298541,0,0,0,0,0,3,11,0,4,0,2,6,True,0.0,0.0,0.0,0.0,0.0,6.137760720616766e-08,2.2505122642261475e-07,0.0,8.183680960822354e-08,0.0,4.091840480411177e-08,1.2275521441233532e-07
232,279,2024-07-21 03:46:47.365421,481.4334444444444,4095,343449225.0,405,6456537.058080807,0,0,0,25,0,23,27,0,46,0,47,47,True,0.0,0.0,0.0,3.872044685116575e-06,0.0,3.5622811103072494e-06,4.181808259925902e-06,0.0,7.124562220614499e-06,0.0,7.279444008019162e-06,7.279444008019162e-06
233,280,2024-07-21 03:59:23.366507,483.3654444444444,4095,26722878.0,423,502366.11279461277,0,0,0,17,0,29,22,0,32,0,65,47,True,0.0,0.0,0.0,3.3839862138452553e-05,0.0,5.7726823647948465e-05,4.379276276740918e-05,0.0,6.369856402532244e-05,0.0,0.00012938770817643623,9.355726591219234e-05
234,281,2024-07-21 04:12:00.364209,485.29999999999995,4095,163067270.0,437,3065518.26318743,0,0,18,0,33,31,0,28,0,55,31,27,True,0.0,0.0,5.871764072050957e-06,0.0,1.0764900798760088e-05,1.0112482568532203e-05,0.0,9.133855223190377e-06,0.0,1.7941501331266814e-05,1.0112482568532203e-05,8.807646108076435e-06
235,282,2024-07-21 04:24:39.366612,487.2396666666666,1288,2600044668.0,118,48878505.26262626,0,0,0,3,0,8,11,0,5,0,16,20,True,0.0,0.0,0.0,6.137667229963098e-08,0.0,1.6367112613234926e-07,2.2504779843198024e-07,0.0,1.022944538327183e-07,0.0,3.273422522646985e-07,4.091778153308732e-07
236,283,2024-07-21 04:37:09.375487,489.15633333333324,4095,665719566.0,420,12514930.112794612,0,13,0,0,0,26,18,27,40,40,46,0,True,0.0,1.038759296522917e-06,0.0,0.0,0.0,2.077518593045834e-06,1.438282102877885e-06,2.1574231543168274e-06,3.1961824508397443e-06,3.1961824508397443e-06,3.675609818465706e-06,0.0
237,284,2024-07-21 04:49:53.363056,491.10877777777773,4095,279357130.0,441,5251663.2182940515,19,0,0,0,29,20,15,39,0,37,0,71,True,3.617901455259721e-06,0.0,0.0,0.0,5.522060115922733e-06,3.808317321326022e-06,2.856237990994517e-06,7.426218776585743e-06,0.0,7.045387044453142e-06,0.0,1.351952649070738e-05
238,286,2024-07-21 05:50:21.363408,500.3803333333333,4095,242966854.0,404,4567558.703142536,0,0,0,19,0,29,26,0,26,0,54,48,True,0.0,0.0,0.0,4.159771386611358e-06,0.0,6.349124747985756e-06,5.692318739573436e-06,0.0,5.692318739573436e-06,0.0,1.1822508151421753e-05,1.0508896134597114e-05
239,287,2024-07-21 06:02:54.364836,502.30466666666655,56,2600070459.0,4,48878990.11026936,0,0,0,0,0,1,0,1,0,0,1,0,True,0.0,0.0,0.0,0.0,0.0,2.045868782771562e-08,0.0,2.045868782771562e-08,0.0,0.0,2.045868782771562e-08,0.0
240,288,2024-07-21 06:15:19.362707,504.20855555555545,4095,504017649.0,475,9475079.260101011,0,0,0,14,31,0,28,21,40,49,13,24,True,0.0,0.0,0.0,1.477560199306528e-06,3.2717404413215977e-06,0.0,2.955120398613056e-06,2.2163402989597922e-06,4.221600569447223e-06,5.171460697572848e-06,1.3720201850703474e-06,2.5329603416683337e-06
241,289,2024-07-21 06:27:51.366092,506.1303333333333,4095,48967810.0,424,920550.8613916948,0,0,0,20,0,38,19,0,37,0,56,51,True,0.0,0.0,0.0,2.172612165042556e-05,0.0,4.127963113580857e-05,2.0639815567904284e-05,0.0,4.019332505328729e-05,0.0,6.0833140621191576e-05,5.5401610208585186e-05
242,290,2024-07-21 06:40:12.363877,508.0239999999999,280,2600040504.0,26,48878426.98316499,0,0,0,1,5,0,1,2,1,1,0,0,True,0.0,0.0,0.0,2.0458923531733668e-08,1.0229461765866834e-07,0.0,2.0458923531733668e-08,4.0917847063467335e-08,2.0458923531733668e-08,2.0458923531733668e-08,0.0,0.0
243,291,2024-07-21 06:52:39.374262,509.933,4095,133039139.0,436,2501016.361672278,0,0,0,30,0,32,28,0,28,0,59,39,True,0.0,0.0,0.0,1.1995123446509889e-05,0.0,1.2794798342943882e-05,1.1195448550075897e-05,0.0,1.1195448550075897e-05,0.0,2.3590409444802783e-05,1.5593660480462858e-05
244,292,2024-07-21 07:05:12.364638,511.85733333333326,4095,660441241.0,497,12415702.342031425,0,0,16,0,34,22,0,26,0,55,40,30,True,0.0,0.0,1.2886906885512625e-06,0.0,2.738467713171433e-06,1.771949696757986e-06,0.0,2.0941223688958015e-06,0.0,4.429874241894965e-06,3.2217267213781564e-06,2.4162950410336172e-06
245,294,2024-07-21 07:30:16.366806,515.7008888888888,4095,97123361.0,477,1825831.9828843994,0,15,0,0,0,23,22,34,32,45,44,0,True,0.0,8.215432822193974e-06,0.0,0.0,0.0,1.2596996994030759e-05,1.2049301472551161e-05,1.862164773030634e-05,1.7526256687347143e-05,2.4646298466581922e-05,2.4098602945102322e-05,0.0
246,295,2024-07-21 07:42:58.360487,517.6482222222221,4095,196890703.0,487,3701368.434624018,0,0,0,18,0,28,27,0,26,0,61,51,True,0.0,0.0,0.0,4.863066273441224e-06,0.0,7.564769758686348e-06,7.294599410161836e-06,0.0,7.024429061637323e-06,0.0,1.648039125999526e-05,1.3778687774750134e-05
247,296,2024-07-21 07:55:45.360759,519.6083333333332,4095,421733808.0,522,7928216.929292929,14,0,0,0,31,21,21,30,0,54,0,60,True,1.7658447195451017e-06,0.0,0.0,0.0,3.910084736135583e-06,2.6487670793176527e-06,2.6487670793176527e-06,3.7839529704537894e-06,0.0,6.81111534681682e-06,0.0,7.567905940907579e-06
248,297,2024-07-21 08:08:23.362130,521.5454444444445,4095,9888601.0,516,185896.82014590348,0,0,0,16,19,0,17,26,38,55,18,32,True,0.0,0.0,0.0,8.606925060602003e-05,0.00010220723509464879,0.0,9.144857876889629e-05,0.00013986253223478254,0.00020441447018929758,0.0002958630489581939,9.682790693177253e-05,0.00017213850121204006
249,299,2024-07-21 08:33:45.364299,525.435,4095,148656534.0,517,2794609.3653198658,17,0,0,0,33,19,22,48,0,33,0,62,True,6.083139994792872e-06,0.0,0.0,0.0,1.1808448225186164e-05,6.798803523592034e-06,7.872298816790776e-06,1.7175924691179876e-05,0.0,1.1808448225186164e-05,0.0,2.2185569392774004e-05
250,300,2024-07-21 08:46:34.362829,527.4002222222222,4095,198437472.0,520,3730446.303030303,0,20,0,0,0,15,19,42,44,47,38,0,True,0.0,5.361288804439745e-06,0.0,0.0,0.0,4.020966603329809e-06,5.0932243642177574e-06,1.1258706489323464e-05,1.1794835369767439e-05,1.25990286904334e-05,1.0186448728435515e-05,0.0
251,301,2024-07-21 08:59:15.364998,529.3449999999999,4095,304352746.0,536,5721558.35634119,0,0,0,13,37,0,28,14,44,43,20,25,True,0.0,0.0,0.0,2.27210825973524e-06,6.466769662323375e-06,0.0,4.8937716363528245e-06,2.4468858181764122e-06,7.690212571411581e-06,7.515435012970409e-06,3.495551168823446e-06,4.369438961029308e-06
252,302,2024-07-21 09:11:55.365178,531.2872222222221,4095,72407286.0,441,1361191.9646464647,0,0,0,17,0,28,22,0,32,0,66,45,True,0.0,0.0,0.0,1.24890540361185e-05,0.0,2.057020664772459e-05,1.6162305223212175e-05,0.0,2.350880759739953e-05,0.0,4.8486915669636526e-05,3.3059260683843086e-05
253,303,2024-07-21 09:24:39.362837,533.2396666666666,4095,29494324.0,511,554466.8092031425,0,0,0,18,30,0,22,18,33,55,14,36,True,0.0,0.0,0.0,3.246362036686899e-05,5.410603394478165e-05,0.0,3.9677758226173206e-05,3.246362036686899e-05,5.9516637339259816e-05,9.919439556543303e-05,2.5249482507564768e-05,6.492724073373798e-05
254,304,2024-07-21 09:37:15.365480,535.1716666666666,4095,94017152.0,520,1767438.0426487094,0,0,16,0,42,15,0,33,0,51,51,26,True,0.0,0.0,9.052651133401065e-06,0.0,2.3763209225177798e-05,8.4868604375635e-06,0.0,1.8671092962639697e-05,0.0,2.8855325487715896e-05,2.8855325487715896e-05,1.4710558091776733e-05
255,305,2024-07-21 09:50:08.363452,537.147111111111,4095,2101629.0,514,39508.738215488214,19,0,0,0,16,17,19,36,1,42,0,76,True,0.0004809062718320784,0.0,0.0,0.0,0.00040497370259543446,0.0004302845590076491,0.0004809062718320784,0.0009111908308397275,2.5310856412214653e-05,0.0010630559693130155,0.0,0.0019236250873283136
256,306,2024-07-21 10:03:05.367850,539.1327777777777,4095,6119730.0,527,115045.42929292929,14,0,0,1,22,22,25,42,0,36,1,64,True,0.00012169105792419728,0.0,0.0,8.692218423156948e-06,0.00019122880530945288,0.00019122880530945288,0.0002173054605789237,0.00036507317377259185,0.0,0.00031291986323365013,8.692218423156948e-06,0.0005563019790820446
257,307,2024-07-21 10:15:54.367730,541.098,4095,46420881.0,498,872670.8829966331,0,0,0,21,0,30,23,0,29,0,71,47,True,0.0,0.0,0.0,2.4064054856383954e-05,0.0,3.437722122340565e-05,2.6355869604610994e-05,0.0,3.3231313849292123e-05,0.0,8.135942356206002e-05,5.3857646583335514e-05
258,308,2024-07-21 10:28:45.365108,543.0683333333333,4095,3958819.0,513,74422.24270482604,0,0,0,11,25,0,21,25,31,67,18,27,True,0.0,0.0,0.0,0.0001478052743402032,0.0003359210780459164,0.0,0.0002821737055585698,0.0003359210780459164,0.0004165421367769363,0.0009002684891630558,0.0002418631761930598,0.0003627947642895897
259,309,2024-07-21 10:41:31.364045,545.0258888888889,4095,3236738.0,512,60847.768237934906,0,0,24,29,0,0,13,12,41,34,33,30,True,0.0,0.0,0.0003944269559099039,0.00047659923839113384,0.0,0.0,0.00021364793445119792,0.00019721347795495194,0.0006738127163460857,0.0005587715208723638,0.0005423370643761178,0.0004930336948873799
260,310,2024-07-21 10:54:36.367242,547.0319999999999,4095,17473029.0,540,328477.25673400675,11,0,0,0,17,22,21,40,0,46,0,66,True,3.348785882277245e-05,0.0,0.0,0.0,5.175396363519379e-05,6.69757176455449e-05,6.393136684347469e-05,0.00012177403208280892,0.0,0.00014004013689523025,0.0,0.0002009271529366347
261,311,2024-07-21 11:07:19.368820,548.9818888888888,4095,1691441.0,550,31797.572109988774,0,21,0,1,0,17,18,38,33,39,46,1,True,0.0,0.0006604277813211763,0.0,3.144894196767506e-05,0.0,0.000534632013450476,0.0005660809554181511,0.0011950597947716524,0.001037815084933277,0.0012265087367393274,0.0014466513305130529,3.144894196767506e-05
262,312,2024-07-21 11:20:20.363561,550.9777777777776,4095,755766.0,522,14207.72222222222,0,0,0,19,0,29,31,0,37,0,63,47,True,0.0,0.0,0.0,0.001337300920078674,0.0,0.0020411435095937657,0.002181912027496784,0.0,0.002604217581205839,0.0,0.004434208313945078,0.0033080601707209307
263,313,2024-07-21 11:33:05.370709,552.9327777777777,4095,1122912.0,511,21109.73737373737,0,0,0,27,0,30,18,0,35,1,56,53,True,0.0,0.0,0.0,0.0012790305972063256,0.0,0.0014211451080070284,0.0008526870648042171,0.0,0.0016580026260081997,4.737150360023428e-05,0.00265280420161312,0.002510689690812417
264,314,2024-07-21 11:45:57.367095,554.9056666666665,4095,666564.0,549,12530.804713804713,0,16,0,0,0,20,23,45,21,49,45,3,True,0.0,0.001276853351834093,0.0,0.0,0.0,0.0015960666897926162,0.0018354766932615087,0.0035911500520333863,0.001675870024282247,0.0039103633899919095,0.0035911500520333863,0.00023941000346889242
265,315,2024-07-21 12:36:21.367485,562.6336666666666,4095,1304446.0,572,24522.413580246914,0,0,19,24,0,0,25,20,43,18,44,35,True,0.0,0.0,0.0007748013847749766,0.0009786964860315495,0.0,0.0,0.0010194755062828639,0.0008155804050262911,0.001753497870806526,0.000734022364523662,0.0017942768910578406,0.0014272657087960096
266,316,2024-07-21 12:49:07.374701,564.5912222222221,4095,656042.0,562,12333.000561167228,0,0,25,28,0,0,25,10,47,19,36,35,True,0.0,0.0,0.0020270817207871704,0.0022703315272816307,0.0,0.0,0.0020270817207871704,0.000810832688314868,0.00381091363507988,0.0015405821077982495,0.0029189976779335253,0.0028379144091020382
267,317,2024-07-21 13:01:45.366281,566.5283333333333,4095,709251.0,518,13333.281986531985,0,19,1,1,0,27,10,48,26,41,44,0,True,0.0,0.0014250054877105274,7.500028882686986e-05,7.500028882686986e-05,0.0,0.002025007798325486,0.0007500028882686986,0.0036000138636897534,0.0019500075094986164,0.003075011841901664,0.0033000127083822736,0.0
268,318,2024-07-21 13:14:46.364705,568.5242222222222,4095,617364.0,556,11605.888888888889,0,1,17,0,41,24,0,20,0,58,47,27,True,0.0,8.616315472030483e-05,0.0014647736302451822,0.0,0.003532689343532498,0.002067915713287316,0.0,0.0017232630944060965,0.0,0.00499746297377768,0.004049668271854327,0.0023264051774482303
269,319,2024-07-21 13:27:41.364475,570.5047777777777,4095,946525.0,595,17793.82014590348,0,0,21,0,42,29,0,19,0,49,44,26,True,0.0,0.0,0.0011801850208559433,0.0,0.0023603700417118866,0.0016297793145153502,0.0,0.0010677864474410914,0.0,0.0027537650486638677,0.0024727686151267384,0.0014611814543930726
270,321,2024-07-21 13:53:25.365867,574.4505555555554,4095,574015.0,548,10790.966610549945,17,0,0,0,19,22,20,30,1,49,0,64,True,0.0015753917710559593,0.0,0.0,0.0,0.0017607319794154838,0.0020387422919547708,0.001853402083595246,0.002780103125392869,9.26701041797623e-05,0.004540835104808353,0.0,0.005930886667504787
271,322,2024-07-21 14:06:12.363873,576.4106666666665,4095,498974.0,550,9380.263187429853,0,0,0,18,0,29,19,0,34,0,70,53,True,0.0,0.0,0.0,0.0019189227040155056,0.0,0.0030915976898027594,0.002025529520905256,0.0,0.0036246317742515107,0.0,0.007462477182282522,0.005650161295156767
272,323,2024-07-21 14:19:14.364320,578.4091111111111,4095,736483.0,567,13845.219135802468,0,24,0,0,0,14,16,51,32,35,48,3,True,0.0,0.0017334503531214033,0.0,0.0,0.0,0.001011179372654152,0.0011556335687476023,0.003683582000382982,0.0023112671374952046,0.00252794843163538,0.0034669007062428066,0.0002166812941401754
273,324,2024-07-21 14:32:04.372804,580.3768888888889,4095,448660.0,564,8434.405162738496,0,25,0,0,0,28,14,46,20,42,51,0,True,0.0,0.0029640501633055247,0.0,0.0,0.0,0.0033197361829021875,0.0016598680914510938,0.0054538523004821655,0.00237124013064442,0.004979604274353282,0.00604666233314327,0.0
274,325,2024-07-21 14:45:01.366139,582.3625555555556,4095,683967.0,599,12857.965488215488,0,0,11,20,1,0,23,19,48,14,41,44,True,0.0,0.0,0.0008555008185456447,0.001555456033719354,7.777280168596769e-05,0.0,0.001788774438777257,0.0014776832320333862,0.0037330944809264494,0.0010888192236035478,0.0031886848691246757,0.003422003274182579
275,326,2024-07-21 14:57:36.365116,584.2919999999999,4095,901452.0,563,16946.488215488214,0,0,0,23,0,29,25,0,30,0,66,57,True,0.0,0.0,0.0,0.0013572133475405947,0.0,0.0017112690034207499,0.0014752318995006465,0.0,0.0017702782794007759,0.0,0.003894612214681707,0.003363528730861474
276,327,2024-07-21 15:10:30.363121,586.27,4095,1292386.0,561,24295.69640852974,0,0,0,14,26,0,28,28,40,46,18,27,True,0.0,0.0,0.0,0.0005762337396957625,0.0010701483737207019,0.0,0.001152467479391525,0.001152467479391525,0.0016463821134164644,0.0018933394304289342,0.000740871951037409,0.0011113079265561135
277,328,2024-07-21 15:23:26.365456,588.253111111111,4095,1404222.0,601,26398.112794612793,0,0,0,12,18,0,20,22,27,62,24,39,True,0.0,0.0,0.0,0.0004545779500741017,0.0006818669251111526,0.0,0.0007576299167901695,0.0008333929084691865,0.001022800387666729,0.0023486527420495257,0.0009091559001482034,0.0014773783377408306
278,329,2024-07-21 15:36:28.366935,590.2515555555555,4095,373585.0,565,7023.062570145904,0,0,0,15,0,24,16,2,34,1,75,54,True,0.0,0.0,0.0,0.002135820356173813,0.0,0.003417312569878101,0.002278208379918734,0.00028477604748984174,0.004841192807327309,0.00014238802374492087,0.010679101780869065,0.007688953282225727
279,330,2024-07-21 15:49:35.367530,592.2627777777777,4095,315817.0,564,5937.076038159372,0,0,0,22,2,30,18,1,33,1,60,54,True,0.0,0.0,0.0,0.003705527747766643,0.0003368661588878766,0.005052992383318149,0.0030317954299908896,0.0001684330794439383,0.005558291621649964,0.0001684330794439383,0.010105984766636298,0.00909538628997267
280,331,2024-07-21 16:02:35.367501,594.2561111111111,4095,442272.0,587,8314.316498316499,0,22,0,0,0,24,22,47,20,42,44,0,True,0.0,0.0026460383128853234,0.0,0.0,0.0,0.002886587250420353,0.0026460383128853234,0.005652900032073191,0.002405489375350294,0.005051527688235618,0.005292076625770647,0.0
281,332,2024-07-21 16:15:27.373599,596.2289999999999,4095,380091.0,600,7145.369528619529,0,18,0,0,1,24,26,45,21,42,42,2,True,0.0,0.002519113941959775,0.0,0.0,0.00013995077455332083,0.0033588185892797,0.0036387201383863417,0.0062977848548994375,0.0029389662656197375,0.005877932531239475,0.005877932531239475,0.00027990154910664166
282,333,2024-07-21 16:28:23.362174,598.212111111111,4095,418307.0,596,7863.796015712683,24,0,0,1,25,20,25,29,0,38,1,58,True,0.003051961158713362,0.0,0.0,0.00012716504827972342,0.0031791262069930854,0.0025433009655944686,0.0031791262069930854,0.0036877864001119793,0.0,0.0048322718346294905,0.00012716504827972342,0.007375572800223959
283,334,2024-07-21 16:41:20.362291,600.1977777777777,4095,352884.0,616,6633.902356902357,0,23,0,1,0,25,21,38,24,44,44,1,True,0.0,0.003467039272302412,0.0,0.00015074083792619182,0.0,0.003768520948154795,0.003165557596450028,0.005728151841195289,0.0036177801102286033,0.00663259686875244,0.00663259686875244,0.00015074083792619182
284,335,2024-07-21 16:54:17.364761,602.1834444444444,4095,257368.0,625,4838.28731762065,0,23,0,0,2,23,15,46,23,39,43,0,True,0.0,0.004753748277047513,0.0,0.0,0.0004133694153954359,0.004753748277047513,0.0031002706154657695,0.009507496554095026,0.004753748277047513,0.008060703600211,0.008887442431001872,0.0
285,336,2024-07-21 17:07:12.367476,604.164,4095,221483.0,603,4163.681537598204,0,0,0,21,19,1,12,20,34,61,18,38,True,0.0,0.0,0.0,0.0050436134008735286,0.004563269267457002,0.00024017206670826327,0.002882064800499159,0.004803441334165265,0.00816585026808095,0.014650496069204058,0.0043230972007487385,0.009126538534914004
286,337,2024-07-21 17:20:05.361441,606.1394444444444,4095,801794.0,533,15073.007295173962,0,0,0,18,0,30,17,0,28,0,71,58,True,0.0,0.0,0.0,0.0011941877057117325,0.0,0.0019903128428528875,0.001127843944283303,0.0,0.0018576253199960283,0.0,0.0047104070614185,0.0038479381628489157
287,338,2024-07-21 17:33:03.363303,608.1276666666666,4095,443079.0,640,8329.487373737375,0,0,21,0,32,25,0,21,0,58,48,21,True,0.0,0.0,0.002521163555180163,0.0,0.0038417730364650104,0.0030013851847382894,0.0,0.002521163555180163,0.0,0.006963213628592832,0.005762659554697516,0.002521163555180163
288,339,2024-07-21 18:00:10.365647,612.2855555555554,4095,519571.0,614,9767.468294051629,0,0,0,10,18,0,20,15,35,60,22,36,True,0.0,0.0,0.0,0.001023806753085647,0.0018428521555541642,0.0,0.002047613506171294,0.0015357101296284703,0.0035833236357997638,0.006142840518513881,0.002252374856788423,0.0036857043111083285
289,340,2024-07-21 18:13:05.361408,614.2661111111111,4095,295129.0,603,5548.160213243547,21,0,0,0,22,22,19,28,0,35,4,69,True,0.0037850384979641835,0.0,0.0,0.0,0.003965278426438668,0.003965278426438668,0.0034245586410152134,0.005046717997285578,0.0,0.006308397496606972,0.0007209597138979398,0.01243655506473946
290,341,2024-07-21 18:25:39.364544,616.193,4095,251974.0,616,4736.884960718294,0,0,17,22,0,0,20,21,42,22,35,40,True,0.0,0.0,0.0035888564195618857,0.004644402425315382,0.0,0.0,0.0042221840230139834,0.004433293224164682,0.008866586448329364,0.004644402425315382,0.007388822040274471,0.008444368046027967
291,342,2024-07-21 18:38:38.365683,618.1837777777777,4095,219509.0,622,4126.572109988777,1,0,21,19,0,0,19,14,52,21,39,37,True,0.00024233188548417726,0.0,0.005088969595167722,0.004604305824199368,0.0,0.0,0.004604305824199368,0.0033926463967784816,0.012601258045177217,0.005088969595167722,0.009450943533882913,0.008966279762914559
292,343,2024-07-21 18:51:30.362801,620.1566666666666,4095,241348.0,609,4537.125701459035,0,0,17,1,38,19,0,20,0,62,37,21,True,0.0,0.0,0.003746865552905707,0.0002204038560532769,0.008375346530024521,0.004187673265012261,0.0,0.004408077121065538,0.0,0.013665039075303167,0.008154942673971245,0.004628480977118815
293,344,2024-07-21 19:04:10.365695,622.0988888888888,4095,190772.0,628,3586.3423120089788,0,1,1,17,17,1,20,19,36,52,20,37,True,0.0,0.00027883562499080716,0.00027883562499080716,0.004740205624843722,0.004740205624843722,0.00027883562499080716,0.0055767124998161435,0.005297876874825336,0.010038082499669058,0.014499452499521974,0.0055767124998161435,0.010316918124659865
294,345,2024-07-21 19:17:07.375101,624.0845555555555,4095,213895.0,648,4021.0339506172836,0,0,18,1,38,20,1,22,0,56,44,20,True,0.0,0.0,0.004476460587266804,0.00024869225484815577,0.009450305684229918,0.004973845096963115,0.00024869225484815577,0.005471229606659426,0.0,0.013926766271496721,0.010942459213318852,0.004973845096963115
295,346,2024-07-21 19:30:01.365105,626.0625555555555,4095,193593.0,608,3639.374579124579,0,0,0,17,16,1,21,18,37,59,16,26,True,0.0,0.0,0.0,0.004671132259238126,0.004396359773400589,0.0002747724858375368,0.005770222202588274,0.004945904745075663,0.010166581975988862,0.016211576664414674,0.004396359773400589,0.007144084631775957
296,347,2024-07-21 19:43:03.360412,628.0609999999999,4095,226070.0,616,4249.913019079686,0,19,0,1,0,21,22,46,22,42,44,0,True,0.0,0.004470679732667665,0.0,0.00023529893329829818,0.0,0.0049412775992642615,0.00517657653256256,0.010823750931721715,0.00517657653256256,0.009882555198528523,0.01035315306512512,0.0
297,348,2024-07-21 19:56:00.369569,630.0466666666666,4095,223267.0,639,4197.219135802469,24,0,1,0,20,20,24,22,0,45,2,67,True,0.005718071709737267,0.0,0.00023825298790571946,0.0,0.004765059758114389,0.004765059758114389,0.005718071709737267,0.005241565733925828,0.0,0.010721384455757375,0.00047650597581143893,0.015962950189683203
298,349,2024-07-21 20:08:54.366699,632.0246666666666,4095,224217.0,621,4215.078282828283,19,0,0,0,24,20,25,19,1,46,4,62,True,0.004507626839910351,0.0,0.0,0.0,0.005693844429360443,0.004744870357800369,0.005931087947250462,0.004507626839910351,0.00023724351789001846,0.01091320182294085,0.0009489740715600738,0.014709098109181145
299,350,2024-07-21 20:21:49.363288,634.0052222222222,4095,175436.0,605,3298.0392817059483,0,0,2,16,0,32,17,0,36,1,67,51,True,0.0,0.0,0.0006064209153280543,0.004851367322624435,0.0,0.00970273464524887,0.005154577780288462,0.0,0.010915576475904978,0.00030321045766402716,0.02031510066348982,0.015463733340865385
300,351,2024-07-21 20:34:46.365780,635.9908888888889,4095,176375.0,597,3315.6916386083053,0,1,0,16,0,37,16,1,35,0,65,54,True,0.0,0.0003015962004294615,0.0,0.004825539206871384,0.0,0.011159059415890075,0.004825539206871384,0.0003015962004294615,0.010555867015031152,0.0,0.019603753027914995,0.01628619482319092
301,352,2024-07-21 20:47:52.363154,637.9995555555555,4095,186875.0,638,3513.0822109988776,0,0,0,16,16,1,21,20,36,54,17,35,True,0.0,0.0,0.0,0.004554405231368242,0.004554405231368242,0.00028465032696051515,0.005977656866170819,0.005693006539210303,0.010247411770578545,0.015371117655867819,0.0048390555583287575,0.00996276144361803
302,353,2024-07-21 21:00:49.362717,639.9852222222221,4095,170766.0,637,3210.2474747474744,0,0,1,16,1,32,15,0,35,2,68,52,True,0.0,0.0,0.00031150246448793245,0.004984039431806919,0.00031150246448793245,0.009968078863613838,0.004672536967318987,0.0,0.010902586257077636,0.0006230049289758649,0.021182167585179407,0.016198128153372487
303,354,2024-07-21 21:13:42.363687,641.9606666666666,4095,196034.0,644,3685.263187429854,0,0,0,18,14,1,17,19,39,59,17,36,True,0.0,0.0,0.0,0.004884318726922028,0.0037989145653837997,0.0002713510403845571,0.004612967686537471,0.005155669767306585,0.010582690574997727,0.01600971138268887,0.004612967686537471,0.009768637453844056
304,355,2024-07-21 21:26:34.363641,643.9335555555555,4095,224227.0,623,4215.266273849607,0,17,0,0,1,23,22,45,24,42,44,0,True,0.0,0.004032959935523762,0.0,0.0,0.00023723293738375068,0.005456357559826266,0.005219124622442515,0.010675482182268782,0.005693590497210016,0.009963783370117529,0.01043824924488503,0.0
305,356,2024-07-21 21:39:22.367522,645.8962222222221,4095,227115.0,632,4269.55808080808,0,22,0,0,1,24,21,43,24,37,45,0,True,0.0,0.00515275810367619,0.0,0.0,0.00023421627743982684,0.005621190658555844,0.004918541826236363,0.010071299929912554,0.005621190658555844,0.008666002265273594,0.010539732484792208,0.0
306,357,2024-07-21 21:52:15.366655,647.8716666666667,4095,223409.0,635,4199.888608305275,0,22,0,2,1,21,22,46,19,41,41,1,True,0.0,0.005238234165662162,0.0,0.00047620310596928746,0.00023810155298464373,0.005000132612677518,0.005238234165662162,0.010952671437293612,0.004523929506708231,0.009762163672370393,0.009762163672370393,0.00023810155298464373
307,358,2024-07-21 22:05:08.366469,649.8471111111111,4095,206677.0,636,3885.3420314253644,0,0,17,0,34,17,0,23,1,61,46,20,True,0.0,0.0,0.004375419168377161,0.0,0.008750838336754323,0.004375419168377161,0.0,0.00591968475721616,0.00025737759813983306,0.015700033486529815,0.01183936951443232,0.005147551962796661
308,359,2024-07-21 22:18:10.364826,651.8455555555555,4095,191713.0,641,3604.0322671156005,0,0,1,15,18,1,20,16,35,54,19,31,True,0.0,0.0,0.00027746699415661047,0.0041620049123491576,0.004994405894818989,0.00027746699415661047,0.00554933988313221,0.0044394719065057675,0.009711344795481367,0.014983217684456967,0.005271872888975599,0.008601476818854925
309,360,2024-07-21 22:31:09.365876,653.8363333333333,4095,212891.0,652,4002.1596520763187,0,0,17,19,1,1,22,19,46,16,38,36,True,0.0,0.0,0.004247706607901163,0.004747436797066006,0.00024986509458242137,0.00024986509458242137,0.00549703208081327,0.004747436797066006,0.011493794350791384,0.003997841513318742,0.009494873594132012,0.00899514340496717
310,361,2024-07-21 22:45:31.364726,656.0392222222222,4095,228102.0,638,4288.1127946127945,0,0,0,16,17,0,19,22,37,49,19,35,True,0.0,0.0,0.0,0.003731245134246698,0.003964447955137116,0.0,0.004430853596917954,0.00513046205958921,0.008628504372945489,0.011426938223630513,0.004430853596917954,0.008162098731164653
311,362,2024-07-21 22:58:31.374624,658.0325555555554,4095,231047.0,627,4343.476150392817,23,0,0,0,20,21,23,22,0,38,3,68,True,0.005295297868256953,0.0,0.0,0.0,0.004604606841962568,0.004834837184060696,0.005295297868256953,0.005065067526158825,0.0,0.00874875299972888,0.0006906910262943852,0.01565566326267273
312,363,2024-07-21 23:11:14.367205,659.9824444444444,4095,191712.0,637,3604.013468013468,0,1,0,17,15,0,17,21,36,55,16,37,True,0.0,0.0002774684414681724,0.0,0.004716963504958931,0.004162026622022586,0.0,0.004716963504958931,0.005826837270831621,0.009988863892854208,0.015260764280749482,0.0044394950634907586,0.01026633233432238
313,364,2024-07-21 23:24:13.362039,661.9732222222221,4095,185703.0,642,3491.0496632996633,0,0,0,15,19,1,19,16,34,57,17,34,True,0.0,0.0,0.0,0.004296701979834435,0.005442489174456951,0.000286446798655629,0.005442489174456951,0.004583148778490064,0.009739191154291385,0.016327467523370852,0.004869595577145692,0.009739191154291385
314,365,2024-07-21 23:37:02.364766,662.4,4095,178492.0,602,3355.489337822671,0,0,0,15,1,33,16,0,35,0,68,56,False,0.0,0.0,0.0,0.004470286891071836,0.0002980191260714557,0.009834631160358038,0.004768306017143291,0.0,0.010430669412500948,0.0,0.020265300572858986,0.016689071060001517
315,366,2024-07-21 23:50:00.364921,662.4,4095,219845.0,642,4132.888608305275,24,1,0,1,19,20,23,22,1,46,6,57,False,0.005807076423925541,0.0002419615176635642,0.0,0.0002419615176635642,0.00459726883560772,0.004839230353271284,0.005565114906261976,0.005323153388598412,0.0002419615176635642,0.011130229812523953,0.0014517691059813852,0.013791806506823158
316,367,2024-07-22 00:03:03.363137,662.4,4095,235525.0,646,4427.658529741863,25,0,1,0,22,20,22,22,0,47,3,64,False,0.005646325215024548,0.0,0.0002258530086009819,0.0,0.004968766189221602,0.004517060172019638,0.004968766189221602,0.004968766189221602,0.0,0.01061509140424615,0.0006775590258029457,0.014454592550462842
317,368,2024-07-22 00:16:02.359187,662.4,4095,225661.0,632,4242.22418630752,21,0,0,0,21,21,22,21,0,42,1,68,False,0.004950233433626864,0.0,0.0,0.0,0.004950233433626864,0.004950233433626864,0.005185958835228143,0.004950233433626864,0.0,0.009900466867253727,0.00023572540160127922,0.016029327308886985
318,369,2024-07-22 00:29:03.361846,662.4,4095,198572.0,656,3732.9753086419755,0,0,0,16,18,0,18,17,34,53,19,34,False,0.0,0.0,0.0,0.004286125322864957,0.004821890988223077,0.0,0.004821890988223077,0.004554008155544017,0.009108016311088034,0.01419779013199017,0.005089773820902137,0.009108016311088034
319,370,2024-07-22 00:42:11.363285,662.4,4095,226965.0,659,4266.738215488215,0,23,0,0,1,22,21,40,21,41,43,0,False,0.0,0.005390534604750355,0.0,0.0,0.00023437106977175455,0.0051561635349786005,0.004921792465206846,0.009374842790870181,0.004921792465206846,0.009609213860641936,0.010077956000185446,0.0
320,371,2024-07-22 00:55:07.374630,662.4,4095,208258.0,691,3915.0634118967455,0,0,20,18,1,0,17,17,41,20,36,45,False,0.0,0.0,0.00510847408990255,0.004597626680912295,0.0002554237044951275,0.0,0.0043422029764171675,0.0043422029764171675,0.010472371884300228,0.00510847408990255,0.00919525336182459,0.011494066702280738
321,372,2024-07-22 01:08:14.364497,662.4,4095,210364.0,675,3954.654320987654,2,0,15,21,0,0,20,19,43,20,38,38,False,0.0005057332038822829,0.0,0.003792999029117121,0.00531019864076397,0.0,0.0,0.005057332038822828,0.004804465436881687,0.01087326388346908,0.005057332038822828,0.009608930873763374,0.009608930873763374
322,373,2024-07-22 01:21:07.363603,662.4,4095,181810.0,623,3417.864758698092,0,0,0,18,0,31,14,2,32,2,71,47,False,0.0,0.0,0.0,0.005266445945291419,0.0,0.009069990239112998,0.004096124624115548,0.0005851606605879354,0.009362570569406967,0.0005851606605879354,0.02077320345087171,0.013751275523816482
323,374,2024-07-22 01:34:05.364636,662.4,4095,210320.0,666,3953.8271604938273,0,0,16,20,0,1,22,21,42,18,36,33,False,0.0,0.0,0.004046712046462249,0.005058390058077812,0.0,0.00025291950290389056,0.0055642290638855925,0.005311309560981702,0.010622619121963404,0.0045525510522700305,0.009105102104540061,0.00834634359582839
324,376,2024-07-22 01:59:59.365508,662.4,4095,228970.0,634,4304.430415263749,1,25,0,0,0,21,18,43,24,41,42,2,False,0.00023231877473357324,0.005807969368339331,0.0,0.0,0.0,0.0048786942694050385,0.004181737945204318,0.00998970731354365,0.005575650593605758,0.009525069764076504,0.009757388538810077,0.0004646375494671465
325,377,2024-07-22 02:12:58.363449,662.4,4095,197567.0,639,3714.0822109988776,0,0,0,20,17,1,19,18,36,48,18,32,False,0.0,0.0,0.0,0.005384910420338039,0.0045771738572873335,0.000269245521016902,0.005115664899321137,0.004846419378304235,0.00969283875660847,0.012923785008811294,0.004846419378304235,0.008615856672540863
326,378,2024-07-22 02:25:46.366338,662.4,4095,213055.0,641,4005.242704826038,0,1,0,14,16,1,16,20,37,55,21,32,False,0.0,0.0002496727598542455,0.0,0.0034954186379594367,0.003994764157667928,0.0002496727598542455,0.003994764157667928,0.00499345519708491,0.009237892114607084,0.013732001791983502,0.005243127956939155,0.007989528315335856
327,379,2024-07-22 02:38:47.370868,662.4,4095,231755.0,643,4356.785914702582,0,0,20,0,40,21,1,19,0,55,38,22,False,0.0,0.0,0.00459053999704397,0.0,0.00918107999408794,0.0048200669968961685,0.00022952699985219848,0.004361012997191771,0.0,0.012623984991870917,0.008722025994383542,0.005049593996748367
328,380,2024-07-22 02:51:38.363297,662.4,4095,213966.0,686,4022.368686868687,1,0,18,21,1,0,18,16,38,23,39,38,False,0.0002486097316898305,0.0,0.004474975170416949,0.0052208043654864405,0.0002486097316898305,0.0,0.004474975170416949,0.003977755707037288,0.009447169804213559,0.005718023828866101,0.00969577953590339,0.009447169804213559
329,381,2024-07-22 03:04:33.363948,662.4,4095,210331.0,658,3954.0339506172836,0,0,0,16,18,1,23,23,33,49,19,35,False,0.0,0.0,0.0,0.004046500409411549,0.004552312960587992,0.0002529062755882218,0.0058168443385291,0.0058168443385291,0.008345907094411319,0.012392407503822866,0.0048052192361762135,0.008851719645587761
330,382,2024-07-22 03:17:37.364269,662.4,4095,220646.0,635,4147.946689113356,0,0,20,0,40,19,0,22,0,54,39,21,False,0.0,0.0,0.004821662740384713,0.0,0.009643325480769425,0.004580579603365477,0.0,0.0053038290144231835,0.0,0.013018489399038723,0.00940224234375019,0.0050627458774039485
331,383,2024-07-22 03:30:29.363608,662.4,4095,264281.0,650,4968.245510662177,0,0,0,16,17,0,20,18,38,52,22,34,False,0.0,0.0,0.0,0.0032204527666080435,0.003421731064521046,0.0,0.004025565958260054,0.003623009362434049,0.007648575320694103,0.01046647149147614,0.00442812255408606,0.006843462129042092
332,384,2024-07-22 04:19:43.363161,662.4,4095,267428.0,650,5027.4062850729515,1,23,0,0,0,21,21,38,18,47,43,2,False,0.00019890972467634754,0.004574923667555994,0.0,0.0,0.0,0.004177104218203298,0.004177104218203298,0.007558569537701207,0.0035803750441742556,0.009348757059788335,0.008553118161082944,0.0003978194493526951
333,385,2024-07-22 04:32:34.366625,662.4,4095,237806.0,643,4470.539281705948,0,22,0,1,0,21,23,46,21,42,38,2,False,0.0,0.004921106518407517,0.0,0.0002236866599276144,0.0,0.004697419858479902,0.005144793178335131,0.010289586356670263,0.004697419858479902,0.009394839716959804,0.008500093077249348,0.0004473733198552288
334,386,2024-07-22 04:45:23.363072,662.4,4095,188544.0,632,3544.4579124579122,0,0,0,20,0,35,14,1,29,1,61,53,False,0.0,0.0,0.0,0.005642611788308965,0.0,0.009874570629540688,0.003949828251816275,0.0002821305894154482,0.008181787093048,0.0002821305894154482,0.017209965954342342,0.014952921239018757
335,387,2024-07-22 04:58:14.365624,662.4,4095,228849.0,647,4302.155723905724,0,0,13,23,1,0,20,19,42,23,37,43,False,0.0,0.0,0.003021740921130097,0.005346157014307094,0.00023244160931769976,0.0,0.004648832186353995,0.0044163905770362956,0.009762547591343389,0.005346157014307094,0.00860033954475489,0.00999498920066109
336,388,2024-07-22 05:11:09.366230,662.4,4095,198488.0,630,3731.396184062851,0,0,0,18,19,1,18,19,33,52,21,36,False,0.0,0.0,0.0,0.0048239316095352505,0.005091927810064987,0.00026799620052973615,0.0048239316095352505,0.005091927810064987,0.008843874617481293,0.01393580242754628,0.005627920211124459,0.009647863219070501
337,389,2024-07-22 05:24:06.362686,662.4,4095,301674.0,651,5671.200336700337,1,0,15,26,1,0,20,17,34,23,33,40,False,0.0001763295141468813,0.0,0.002644942712203219,0.004584567367818914,0.0001763295141468813,0.0,0.0035265902829376256,0.002997601740496982,0.005995203480993964,0.00405557882537827,0.005818873966847082,0.007053180565875251
338,390,2024-07-22 05:37:04.375712,662.4,4095,201138.0,655,3781.2138047138046,0,0,0,14,18,0,16,19,36,57,17,37,False,0.0,0.0,0.0,0.00370251478045147,0.004760376146294747,0.0,0.0042314454633731085,0.005024841487755566,0.009520752292589495,0.0150745244632667,0.0044959108048339275,0.009785217634050313
339,391,2024-07-22 05:50:04.367831,662.4,4095,234611.0,657,4410.476150392817,0,21,1,1,0,22,20,39,24,40,41,1,False,0.0,0.004761390671646563,0.0002267328891260268,0.0002267328891260268,0.0,0.0049881235607725895,0.004534657782520536,0.008842582675915046,0.005441589339024644,0.009069315565041073,0.0092960484541671,0.0002267328891260268
340,392,2024-07-22 06:03:02.362012,662.4,4095,183453.0,641,3448.7516835016836,0,0,0,14,2,32,14,1,33,2,65,50,False,0.0,0.0,0.0,0.0040594398451398875,0.0005799199778771267,0.009278719646034028,0.0040594398451398875,0.00028995998893856337,0.009568679634972592,0.0005799199778771267,0.018847399281006618,0.014497999446928169
341,393,2024-07-22 06:15:51.368499,662.4,4095,209026.0,665,3929.501122334456,1,0,18,19,0,1,19,17,40,18,41,40,False,0.00025448523078825725,0.0,0.004580734154188631,0.004835219384976888,0.0,0.00025448523078825725,0.004835219384976888,0.004326248923400374,0.010179409231530292,0.004580734154188631,0.010433894462318549,0.010179409231530292
342,394,2024-07-22 06:28:51.366350,662.4,4095,214592.0,605,4034.1369248035917,0,0,0,17,0,32,17,1,33,0,64,56,False,0.0,0.0,0.0,0.004214036438742761,0.0,0.007932303884692255,0.004214036438742761,0.000247884496396633,0.00818018838108889,0.0,0.01586460776938451,0.013881531798211447
343,395,2024-07-22 06:41:49.364645,662.4,4095,228101.0,644,4288.093995510662,0,0,17,0,36,18,0,19,1,62,43,20,False,0.0,0.0,0.003964465335367607,0.0,0.00839533835724905,0.004197669178624525,0.0,0.004430873021881443,0.00023320384325691807,0.01445863828192892,0.010027765260047476,0.004664076865138362
344,396,2024-07-22 06:54:49.363542,662.4,4095,245932.0,633,4623.300785634119,0,19,0,0,0,21,21,43,26,43,41,2,False,0.0,0.004109617972302014,0.0,0.0,0.0,0.00454220933780749,0.00454220933780749,0.009300714358367717,0.005623687751571178,0.009300714358367717,0.008868122992862243,0.00043259136550547524
345,397,2024-07-22 07:07:44.364453,662.4,4095,182097.0,603,3423.260101010101,0,0,0,19,1,32,17,2,27,3,63,51,False,0.0,0.0,0.0,0.00555026478835005,0.00029211919938684474,0.009347814380379032,0.004966026389576361,0.0005842383987736895,0.007887218383444809,0.0008763575981605343,0.01840350956137122,0.014898079168729081
346,398,2024-07-22 07:20:47.364718,662.4,4095,234902.0,658,4415.946689113356,0,0,17,1,38,17,0,22,2,59,42,22,False,0.0,0.0,0.0038496841553613275,0.0002264520091389016,0.00860517634727826,0.0038496841553613275,0.0,0.0049819442010558355,0.0004529040182778032,0.013360668539195195,0.009510984383833868,0.0049819442010558355
347,399,2024-07-22 07:33:48.366158,662.4,4095,218197.0,661,4101.907687991021,0,0,19,22,0,0,23,18,42,21,36,36,False,0.0,0.0,0.004631991123453481,0.005363358142946136,0.0,0.0,0.005607147149443688,0.004388202116955929,0.010239138272897168,0.005119569136448584,0.008776404233911858,0.008776404233911858
348,400,2024-07-22 07:46:42.362058,662.4,4095,242005.0,634,4549.476711560044,22,0,1,0,21,18,23,22,1,43,1,62,False,0.004835720983931812,0.0,0.00021980549926962778,0.0,0.004615915484662184,0.003956498986853301,0.005055526483201439,0.004835720983931812,0.00021980549926962778,0.009451636468593995,0.00021980549926962778,0.013627940954716923
349,401,2024-07-22 07:59:35.368329,662.4,4095,327327.0,625,6153.4537037037035,24,0,1,0,22,21,15,27,0,35,0,74,False,0.0039002487311401456,0.0,0.00016251036379750608,0.0,0.0035752280035451335,0.0034127176397476277,0.002437655456962591,0.004387779822532664,0.0,0.005687862732912712,0.0,0.01202576692101545
350,402,2024-07-22 08:12:41.373841,662.4,4095,367072.0,655,6900.6240179573515,13,0,1,0,24,21,24,24,1,45,2,65,False,0.0018838875971463405,0.0,0.0001449144305497185,0.0,0.003477946333193244,0.0030432030415440884,0.003477946333193244,0.003477946333193244,0.0001449144305497185,0.006521149374737332,0.000289828861099437,0.009419437985731702
351,403,2024-07-22 08:25:36.368680,662.4,4095,184197.0,614,3462.7382154882152,0,0,0,18,0,29,16,1,34,0,65,56,False,0.0,0.0,0.0,0.005198198327407248,0.0,0.00837487508304501,0.004620620735473109,0.00028878879596706933,0.009818819062880358,0.0,0.01877127173785951,0.016172172574155885
352,404,2024-07-22 08:38:38.366359,662.4,4095,303693.0,644,5709.155723905724,0,0,16,18,0,0,21,18,47,19,41,33,False,0.0,0.0,0.002802515953979645,0.0031528304482271005,0.0,0.0,0.003678302189598284,0.0031528304482271005,0.008232390614815207,0.0033279876953508283,0.00718144713207284,0.005780189155083017
353,405,2024-07-22 08:51:35.363472,662.4,4095,247756.0,662,4657.590347923681,1,0,19,0,37,17,1,19,1,61,43,18,False,0.00021470329618958277,0.0,0.004079362627602072,0.0,0.007944021959014563,0.0036499560352229073,0.00021470329618958277,0.004079362627602072,0.00021470329618958277,0.013096901067564549,0.00923224173615206,0.00386465933141249
354,406,2024-07-22 09:04:21.368804,662.4,4095,306189.0,631,5756.078282828283,28,2,0,1,26,18,23,30,0,42,0,56,False,0.0048644230714391945,0.00034745879081708535,0.0,0.00017372939540854268,0.004516964280622109,0.003127129117353768,0.0039957760943964814,0.00521188186225628,0.0,0.007296634607158792,0.0,0.009728846142878389
355,407,2024-07-22 11:38:01.365740,662.4,4095,260178.0,662,4891.1127946127945,0,0,0,16,17,0,19,19,36,56,20,35,False,0.0,0.0,0.0,0.0032712392193496006,0.0034756916705589503,0.0,0.0038845965729776503,0.0038845965729776503,0.007360288243536601,0.0114493372677236,0.0040890490241870005,0.007155835792327251
356,408,2024-07-22 11:50:53.365321,662.4,4095,576378.0,480,10835.388888888889,0,16,0,0,1,25,23,39,25,47,38,4,False,0.0,0.001476642893399714,0.0,0.0,9.229018083748213e-05,0.002307254520937053,0.002122674159262089,0.0035993170526618028,0.002307254520937053,0.00433763849936166,0.0035070268718243205,0.0003691607233499285
357,409,2024-07-25 12:00:58.363240,662.4,4095,1503766.0,263,28269.45061728395,0,12,0,0,0,20,25,47,16,31,38,0,False,0.0,0.0004244864947132434,0.0,0.0,0.0,0.0007074774911887391,0.0008843468639859239,0.0016625721042935369,0.0005659819929509913,0.0010965901113425456,0.0013442072332586043,0.0
358,410,2024-07-25 12:13:47.369732,662.4,4095,586945.0,243,11034.039001122334,5,0,0,0,28,17,20,24,0,35,2,41,False,0.00045314322339185334,0.0,0.0,0.0,0.0025376020509943788,0.0015406869595323014,0.0018125728935674133,0.0021750874722808963,0.0,0.0031720025637429735,0.00018125728935674133,0.0037157744318131974
359,411,2024-07-25 12:26:24.365302,662.4,4095,1310196.0,268,24630.50841750842,0,0,6,25,0,0,19,19,40,19,23,30,False,0.0,0.0,0.00024360033086994433,0.001015001378624768,0.0,0.0,0.0007714010477548238,0.0007714010477548238,0.001624002205799629,0.0007714010477548238,0.0009338012683347866,0.0012180016543497218
360,412,2024-07-25 12:39:04.367638,662.4,4095,2574713.0,249,48402.29264870932,0,0,0,24,1,14,18,0,27,1,41,39,False,0.0,0.0,0.0,0.0004958442810588637,2.0660178377452656e-05,0.0002892424972843372,0.0003718832107941478,0.0,0.0005578248161912218,2.0660178377452656e-05,0.000847067313475559,0.0008057469567206536
361,413,2024-07-25 12:51:52.362240,662.4,4095,3427228.0,240,64428.80920314253,0,0,15,0,29,11,0,19,0,38,31,21,False,0.0,0.0,0.00023281510531578117,0.0,0.00045010920361051026,0.00017073107723157286,0.0,0.0002948991333999895,0.0,0.000589798266799979,0.00048115121765261444,0.00032594114744209364
362,414,2024-07-25 13:04:34.362161,662.4,4095,3051517.0,227,57365.77974186308,0,0,17,0,21,20,0,16,0,27,30,26,False,0.0,0.0,0.00029634391925808916,0.0,0.0003660719002599925,0.0003486399050095167,0.0,0.00027891192400761333,0.0,0.00047066387176284753,0.000522959857514275,0.00045323187651237165
363,415,2024-07-25 13:17:16.374231,662.4,4095,5159288.0,234,96989.98204264871,0,0,0,10,21,0,12,21,32,31,8,27,False,0.0,0.0,0.0,0.00010310343181219243,0.0002165172068056041,0.0,0.0001237241181746309,0.0002165172068056041,0.00032993098179901576,0.00031962063861779656,8.248274544975394e-05,0.00027837926589291954
364,416,2024-07-25 13:29:47.362171,662.4,4095,48762958.0,224,916699.8277216611,11,0,0,0,33,12,13,21,0,27,0,38,False,1.1999565907347314e-05,0.0,0.0,0.0,3.599869772204194e-05,1.3090435535287978e-05,1.4181305163228644e-05,2.290826218675396e-05,0.0,2.9453479954397952e-05,0.0,4.145304586174527e-05
365,417,2024-07-25 13:42:25.364563,662.4,4095,86731124.0,217,1630467.2581369248,0,14,0,0,0,22,12,37,13,18,29,0,False,0.0,8.58649563806469e-06,0.0,0.0,0.0,1.3493064574101655e-05,7.359853404055449e-06,2.2692881329170968e-05,7.973174521060069e-06,1.1039780106083173e-05,1.7786312393134e-05,0.0
366,418,2024-07-25 13:54:59.364106,662.4,4095,48306461.0,203,908118.0939955106,4,0,0,0,17,18,13,30,0,30,0,27,False,4.404713468928827e-06,0.0,0.0,0.0,1.8720032242947516e-05,1.982121061017972e-05,1.4315318774018688e-05,3.3035351016966204e-05,0.0,3.3035351016966204e-05,0.0,2.9731815915269583e-05
367,419,2024-07-25 14:07:32.362300,662.4,4095,36339453.0,225,683149.0883838384,0,6,0,0,0,19,20,29,20,31,39,0,False,0.0,8.782855897816557e-06,0.0,0.0,0.0,2.781237700975243e-05,2.9276186326055193e-05,4.245047017278003e-05,2.9276186326055193e-05,4.537808880538555e-05,5.708856333580762e-05,0.0
